 ID,Date,Parameter,Value/Valeur,Symbol/Symbole
08NB005,2022-01-01,Q.obs,38.6,B
08NB005,2022-01-01,H.obs,1.356,
08NB005,2022-01-02,H.obs,1.355,
08NB005,2022-01-02,Q.obs,38.7,B
08NB005,2022-01-03,Q.obs,38.8,B
08NB005,2022-01-03,H.obs,1.399,
08NB005,2022-01-04,Q.obs,39.0,B
08NB005,2022-01-04,H.obs,1.437,
08NB005,2022-01-05,Q.obs,39.1,B
08NB005,2022-01-05,H.obs,1.47,
08NB005,2022-01-06,H.obs,1.489,
08NB005,2022-01-06,Q.obs,39.2,B
08NB005,2022-01-07,H.obs,1.52,
08NB005,2022-01-07,Q.obs,39.3,B
08NB005,2022-01-08,H.obs,1.526,
08NB005,2022-01-08,Q.obs,39.5,B
08NB005,2022-01-09,H.obs,1.487,
08NB005,2022-01-09,Q.obs,39.6,B
08NB005,2022-01-10,H.obs,1.424,A
08NB005,2022-01-10,Q.obs,39.7,B
08NB005,2022-01-11,H.obs,1.415,
08NB005,2022-01-11,Q.obs,39.8,B
08NB005,2022-01-12,H.obs,1.408,
08NB005,2022-01-12,Q.obs,39.9,B
08NB005,2022-01-13,Q.obs,40.0,B
08NB005,2022-01-13,H.obs,1.38,
08NB005,2022-01-14,Q.obs,40.1,B
08NB005,2022-01-14,H.obs,1.348,
08NB005,2022-01-15,H.obs,1.326,
08NB005,2022-01-15,Q.obs,40.1,B
08NB005,2022-01-16,H.obs,1.298,
08NB005,2022-01-16,Q.obs,40.2,B
08NB005,2022-01-17,Q.obs,40.3,B
08NB005,2022-01-17,H.obs,1.28,
08NB005,2022-01-18,H.obs,1.249,
08NB005,2022-01-18,Q.obs,40.4,B
08NB005,2022-01-19,H.obs,1.191,
08NB005,2022-01-19,Q.obs,40.5,B
08NB005,2022-01-20,H.obs,1.126,
08NB005,2022-01-20,Q.obs,40.6,B
08NB005,2022-01-21,H.obs,1.114,
08NB005,2022-01-21,Q.obs,40.6,B
08NB005,2022-01-22,H.obs,1.104,
08NB005,2022-01-22,Q.obs,40.6,B
08NB005,2022-01-23,Q.obs,40.6,B
08NB005,2022-01-23,H.obs,1.09,
08NB005,2022-01-24,Q.obs,40.5,B
08NB005,2022-01-24,H.obs,1.083,
08NB005,2022-01-25,Q.obs,40.4,B
08NB005,2022-01-25,H.obs,1.078,
08NB005,2022-01-26,Q.obs,40.4,B
08NB005,2022-01-26,H.obs,1.062,
08NB005,2022-01-27,Q.obs,40.3,B
08NB005,2022-01-27,H.obs,1.042,
08NB005,2022-01-28,Q.obs,40.2,B
08NB005,2022-01-28,H.obs,1.013,
08NB005,2022-01-29,H.obs,0.987,
08NB005,2022-01-29,Q.obs,40.1,B
08NB005,2022-01-30,H.obs,0.959,
08NB005,2022-01-30,Q.obs,39.9,B
08NB005,2022-01-31,H.obs,0.972,
08NB005,2022-01-31,Q.obs,39.6,B
08NB005,2022-02-01,H.obs,0.96,
08NB005,2022-02-01,Q.obs,39.4,B
08NB005,2022-02-02,H.obs,0.947,
08NB005,2022-02-02,Q.obs,39.2,B
08NB005,2022-02-03,H.obs,0.97,
08NB005,2022-02-03,Q.obs,39.1,B
08NB005,2022-02-04,H.obs,0.96,
08NB005,2022-02-04,Q.obs,39.1,B
08NB005,2022-02-05,H.obs,0.968,
08NB005,2022-02-05,Q.obs,39.0,B
08NB005,2022-02-06,Q.obs,39.0,B
08NB005,2022-02-06,H.obs,0.999,
08NB005,2022-02-07,Q.obs,38.9,B
08NB005,2022-02-07,H.obs,1.023,
08NB005,2022-02-08,H.obs,1.038,
08NB005,2022-02-08,Q.obs,38.8,B
08NB005,2022-02-09,Q.obs,38.5,B
08NB005,2022-02-09,H.obs,1.033,
08NB005,2022-02-10,H.obs,1.015,
08NB005,2022-02-10,Q.obs,38.2,B
08NB005,2022-02-11,H.obs,0.992,
08NB005,2022-02-11,Q.obs,38.0,B
08NB005,2022-02-12,Q.obs,37.8,B
08NB005,2022-02-12,H.obs,0.983,
08NB005,2022-02-13,H.obs,0.975,
08NB005,2022-02-13,Q.obs,37.7,B
08NB005,2022-02-14,Q.obs,37.6,B
08NB005,2022-02-14,H.obs,0.963,
08NB005,2022-02-15,H.obs,0.949,
08NB005,2022-02-15,Q.obs,37.4,B
08NB005,2022-02-16,Q.obs,37.3,B
08NB005,2022-02-16,H.obs,0.945,
08NB005,2022-02-17,H.obs,0.948,
08NB005,2022-02-17,Q.obs,37.2,B
08NB005,2022-02-18,H.obs,0.926,
08NB005,2022-02-18,Q.obs,37.0,B
08NB005,2022-02-19,Q.obs,36.7,B
08NB005,2022-02-19,H.obs,0.893,
08NB005,2022-02-20,Q.obs,36.4,B
08NB005,2022-02-20,H.obs,0.852,
08NB005,2022-02-21,Q.obs,36.1,B
08NB005,2022-02-21,H.obs,0.842,
08NB005,2022-02-22,Q.obs,35.8,B
08NB005,2022-02-22,H.obs,0.802,
08NB005,2022-02-23,Q.obs,35.5,B
08NB005,2022-02-23,H.obs,0.766,
08NB005,2022-02-24,H.obs,0.739,
08NB005,2022-02-24,Q.obs,35.3,B
08NB005,2022-02-25,Q.obs,35.3,B
08NB005,2022-02-25,H.obs,0.716,A
08NB005,2022-02-26,Q.obs,35.5,B
08NB005,2022-02-26,H.obs,0.753,A
08NB005,2022-02-27,Q.obs,35.7,B
08NB005,2022-02-27,H.obs,0.802,
08NB005,2022-02-28,Q.obs,35.9,B
08NB005,2022-02-28,H.obs,0.859,
08NB005,2022-03-01,Q.obs,36.1,B
08NB005,2022-03-01,H.obs,0.894,
08NB005,2022-03-02,Q.obs,36.3,B
08NB005,2022-03-02,H.obs,0.916,
08NB005,2022-03-03,H.obs,0.942,
08NB005,2022-03-03,Q.obs,36.3,B
08NB005,2022-03-04,Q.obs,36.4,B
08NB005,2022-03-04,H.obs,0.959,
08NB005,2022-03-05,Q.obs,36.4,B
08NB005,2022-03-05,H.obs,0.945,
08NB005,2022-03-06,Q.obs,36.5,B
08NB005,2022-03-06,H.obs,0.918,
08NB005,2022-03-07,H.obs,0.906,
08NB005,2022-03-07,Q.obs,36.5,B
08NB005,2022-03-08,Q.obs,36.4,B
08NB005,2022-03-08,H.obs,0.842,
08NB005,2022-03-09,Q.obs,36.2,B
08NB005,2022-03-09,H.obs,0.837,
08NB005,2022-03-10,H.obs,0.888,
08NB005,2022-03-10,Q.obs,36.0,B
08NB005,2022-03-11,Q.obs,35.8,B
08NB005,2022-03-11,H.obs,0.857,
08NB005,2022-03-12,Q.obs,35.9,B
08NB005,2022-03-12,H.obs,0.795,
08NB005,2022-03-13,Q.obs,36.6,B
08NB005,2022-03-13,H.obs,0.751,
08NB005,2022-03-14,Q.obs,37.1,B
08NB005,2022-03-14,H.obs,0.696,A
08NB005,2022-03-15,Q.obs,37.4,B
08NB005,2022-03-16,Q.obs,37.9,B
08NB005,2022-03-16,H.obs,0.683,
08NB005,2022-03-17,H.obs,0.703,
08NB005,2022-03-17,Q.obs,38.6,B
08NB005,2022-03-18,H.obs,0.709,
08NB005,2022-03-18,Q.obs,39.4,B
08NB005,2022-03-19,H.obs,0.727,
08NB005,2022-03-19,Q.obs,40.7,B
08NB005,2022-03-20,H.obs,0.747,
08NB005,2022-03-20,Q.obs,41.4,B
08NB005,2022-03-21,H.obs,0.769,
08NB005,2022-03-21,Q.obs,42.0,B
08NB005,2022-03-22,Q.obs,42.5,B
08NB005,2022-03-22,H.obs,0.769,
08NB005,2022-03-23,H.obs,0.792,
08NB005,2022-03-23,Q.obs,43.2,B
08NB005,2022-03-24,H.obs,0.874,
08NB005,2022-03-24,Q.obs,44.0,B
08NB005,2022-03-25,Q.obs,44.6,B
08NB005,2022-03-25,H.obs,0.926,
08NB005,2022-03-26,Q.obs,45.3,B
08NB005,2022-03-26,H.obs,0.904,
08NB005,2022-03-27,Q.obs,45.4,B
08NB005,2022-03-27,H.obs,0.823,
08NB005,2022-03-28,Q.obs,46.4,B
08NB005,2022-03-28,H.obs,0.801,
08NB005,2022-03-29,H.obs,0.825,
08NB005,2022-03-29,Q.obs,48.2,B
08NB005,2022-03-30,H.obs,0.874,
08NB005,2022-03-30,Q.obs,49.6,B
08NB005,2022-03-31,Q.obs,49.8,B
08NB005,2022-03-31,H.obs,0.867,
08NB005,2022-04-01,H.obs,0.841,
08NB005,2022-04-01,Q.obs,49.7,B
08NB005,2022-04-02,Q.obs,50.2,B
08NB005,2022-04-02,H.obs,0.823,
08NB005,2022-04-03,H.obs,0.819,
08NB005,2022-04-03,Q.obs,51.0,B
08NB005,2022-04-04,Q.obs,51.5,
08NB005,2022-04-04,H.obs,0.823,
08NB005,2022-04-05,H.obs,0.835,
08NB005,2022-04-05,Q.obs,52.2,
08NB005,2022-04-06,Q.obs,51.0,
08NB005,2022-04-06,H.obs,0.816,
08NB005,2022-04-07,Q.obs,50.1,
08NB005,2022-04-07,H.obs,0.803,
08NB005,2022-04-08,Q.obs,49.1,
08NB005,2022-04-08,H.obs,0.787,
08NB005,2022-04-09,Q.obs,49.9,
08NB005,2022-04-09,H.obs,0.8,
08NB005,2022-04-10,Q.obs,49.8,
08NB005,2022-04-10,H.obs,0.798,
08NB005,2022-04-11,Q.obs,48.1,
08NB005,2022-04-11,H.obs,0.772,
08NB005,2022-04-12,H.obs,0.742,
08NB005,2022-04-12,Q.obs,46.1,
08NB005,2022-04-13,H.obs,0.703,
08NB005,2022-04-13,Q.obs,43.7,
08NB005,2022-04-14,Q.obs,43.1,
08NB005,2022-04-14,H.obs,0.693,
08NB005,2022-04-15,H.obs,0.679,
08NB005,2022-04-15,Q.obs,42.3,
08NB005,2022-04-16,H.obs,0.668,
08NB005,2022-04-16,Q.obs,41.6,
08NB005,2022-04-17,H.obs,0.661,
08NB005,2022-04-17,Q.obs,41.2,
08NB005,2022-04-18,Q.obs,40.8,
08NB005,2022-04-18,H.obs,0.655,
08NB005,2022-04-19,Q.obs,41.4,
08NB005,2022-04-19,H.obs,0.664,
08NB005,2022-04-20,H.obs,0.669,
08NB005,2022-04-20,Q.obs,41.7,
08NB005,2022-04-21,Q.obs,41.7,
08NB005,2022-04-21,H.obs,0.669,
08NB005,2022-04-22,Q.obs,43.7,
08NB005,2022-04-22,H.obs,0.703,
08NB005,2022-04-23,H.obs,0.745,
08NB005,2022-04-23,Q.obs,46.4,
08NB005,2022-04-24,H.obs,0.772,
08NB005,2022-04-24,Q.obs,48.1,
08NB005,2022-04-25,H.obs,0.815,
08NB005,2022-04-25,Q.obs,50.9,
08NB005,2022-04-26,Q.obs,54.7,
08NB005,2022-04-26,H.obs,0.87,
08NB005,2022-04-27,H.obs,0.943,
08NB005,2022-04-27,Q.obs,60.0,
08NB005,2022-04-28,H.obs,0.988,
08NB005,2022-04-28,Q.obs,63.3,
08NB005,2022-04-29,H.obs,0.987,
08NB005,2022-04-29,Q.obs,63.3,
08NB005,2022-04-30,H.obs,0.974,
08NB005,2022-04-30,Q.obs,62.3,
08NB005,2022-05-01,H.obs,0.979,
08NB005,2022-05-01,Q.obs,62.6,
08NB005,2022-05-02,H.obs,1.022,
08NB005,2022-05-02,Q.obs,65.9,
08NB005,2022-05-03,H.obs,1.13,
08NB005,2022-05-03,Q.obs,74.7,
08NB005,2022-05-04,Q.obs,87.4,
08NB005,2022-05-04,H.obs,1.274,
08NB005,2022-05-05,H.obs,1.435,
08NB005,2022-05-05,Q.obs,103.0,
08NB005,2022-05-06,H.obs,1.64,
08NB005,2022-05-06,Q.obs,125.0,
08NB005,2022-05-07,H.obs,1.789,
08NB005,2022-05-07,Q.obs,143.0,
08NB005,2022-05-08,H.obs,1.813,
08NB005,2022-05-08,Q.obs,146.0,
08NB005,2022-05-09,Q.obs,140.0,
08NB005,2022-05-09,H.obs,1.77,
08NB005,2022-05-10,H.obs,1.701,
08NB005,2022-05-10,Q.obs,132.0,
08NB005,2022-05-11,H.obs,1.633,
08NB005,2022-05-11,Q.obs,124.0,
08NB005,2022-05-12,H.obs,1.573,
08NB005,2022-05-12,Q.obs,118.0,
08NB005,2022-05-13,H.obs,1.544,
08NB005,2022-05-13,Q.obs,114.0,
08NB005,2022-05-14,Q.obs,113.0,
08NB005,2022-05-14,H.obs,1.534,
08NB005,2022-05-15,Q.obs,113.0,
08NB005,2022-05-15,H.obs,1.53,
08NB005,2022-05-16,Q.obs,114.0,
08NB005,2022-05-16,H.obs,1.544,
08NB005,2022-05-17,Q.obs,124.0,
08NB005,2022-05-17,H.obs,1.634,
08NB005,2022-05-18,Q.obs,135.0,
08NB005,2022-05-18,H.obs,1.729,
08NB005,2022-05-19,H.obs,1.785,
08NB005,2022-05-19,Q.obs,142.0,
08NB005,2022-05-20,H.obs,1.766,
08NB005,2022-05-20,Q.obs,140.0,
08NB005,2022-05-21,H.obs,1.732,
08NB005,2022-05-21,Q.obs,136.0,
08NB005,2022-05-22,Q.obs,131.0,
08NB005,2022-05-22,H.obs,1.692,
08NB005,2022-05-23,H.obs,1.69,
08NB005,2022-05-23,Q.obs,131.0,
08NB005,2022-05-24,Q.obs,135.0,
08NB005,2022-05-24,H.obs,1.721,
08NB005,2022-05-25,H.obs,1.782,
08NB005,2022-05-25,Q.obs,142.0,
08NB005,2022-05-26,Q.obs,153.0,
08NB005,2022-05-26,H.obs,1.87,
08NB005,2022-05-27,H.obs,2.024,
08NB005,2022-05-27,Q.obs,173.0,
08NB005,2022-05-28,Q.obs,202.0,
08NB005,2022-05-28,H.obs,2.223,
08NB005,2022-05-29,Q.obs,221.0,
08NB005,2022-05-29,H.obs,2.343,
08NB005,2022-05-30,Q.obs,233.0,
08NB005,2022-05-30,H.obs,2.423,
08NB005,2022-05-31,Q.obs,244.0,
08NB005,2022-05-31,H.obs,2.487,
08NB005,2022-06-01,H.obs,2.562,
08NB005,2022-06-01,Q.obs,257.0,
08NB005,2022-06-02,H.obs,2.686,
08NB005,2022-06-02,Q.obs,279.0,
08NB005,2022-06-03,Q.obs,298.0,
08NB005,2022-06-03,H.obs,2.788,
08NB005,2022-06-04,Q.obs,319.0,
08NB005,2022-06-04,H.obs,2.896,
08NB005,2022-06-05,H.obs,3.075,
08NB005,2022-06-05,Q.obs,355.0,
08NB005,2022-06-06,Q.obs,398.0,
08NB005,2022-06-06,H.obs,3.272,
08NB005,2022-06-07,Q.obs,424.0,
08NB005,2022-06-07,H.obs,3.384,
08NB005,2022-06-08,Q.obs,452.0,
08NB005,2022-06-08,H.obs,3.505,
08NB005,2022-06-09,Q.obs,470.0,
08NB005,2022-06-09,H.obs,3.577,
08NB005,2022-06-10,H.obs,3.615,
08NB005,2022-06-10,Q.obs,479.0,
08NB005,2022-06-11,H.obs,3.763,
08NB005,2022-06-11,Q.obs,517.0,
08NB005,2022-06-12,H.obs,3.841,
08NB005,2022-06-12,Q.obs,538.0,
08NB005,2022-06-13,H.obs,3.796,
08NB005,2022-06-13,Q.obs,526.0,
08NB005,2022-06-14,H.obs,3.788,
08NB005,2022-06-14,Q.obs,524.0,
08NB005,2022-06-15,Q.obs,551.0,
08NB005,2022-06-15,H.obs,3.892,
08NB005,2022-06-16,Q.obs,559.0,
08NB005,2022-06-16,H.obs,3.919,
08NB005,2022-06-17,Q.obs,571.0,
08NB005,2022-06-17,H.obs,3.962,
08NB005,2022-06-18,Q.obs,607.0,
08NB005,2022-06-18,H.obs,4.091,
08NB005,2022-06-19,H.obs,4.186,
08NB005,2022-06-19,Q.obs,635.0,
08NB005,2022-06-20,H.obs,4.162,
08NB005,2022-06-20,Q.obs,628.0,
08NB005,2022-06-21,Q.obs,633.0,
08NB005,2022-06-21,H.obs,4.18,
08NB005,2022-06-22,Q.obs,657.0,
08NB005,2022-06-22,H.obs,4.26,
08NB005,2022-06-23,Q.obs,709.0,
08NB005,2022-06-23,H.obs,4.43,
08NB005,2022-06-24,Q.obs,691.0,
08NB005,2022-06-24,H.obs,4.372,
08NB005,2022-06-25,Q.obs,641.0,
08NB005,2022-06-25,H.obs,4.206,
08NB005,2022-06-26,Q.obs,626.0,
08NB005,2022-06-26,H.obs,4.157,
08NB005,2022-06-27,Q.obs,639.0,
08NB005,2022-06-27,H.obs,4.2,
08NB005,2022-06-28,H.obs,4.295,
08NB005,2022-06-28,Q.obs,667.0,
08NB005,2022-06-29,H.obs,4.432,A
08NB005,2022-06-29,Q.obs,710.0,A
08NB005,2022-06-30,H.obs,4.448,A
08NB005,2022-06-30,Q.obs,715.0,A
08NB005,2022-07-01,H.obs,4.427,
08NB005,2022-07-01,Q.obs,708.0,
08NB005,2022-07-02,H.obs,4.462,
08NB005,2022-07-02,Q.obs,719.0,
08NB005,2022-07-03,H.obs,4.53,
08NB005,2022-07-03,Q.obs,741.0,
08NB005,2022-07-04,H.obs,4.565,
08NB005,2022-07-04,Q.obs,752.0,
08NB005,2022-07-05,H.obs,4.649,
08NB005,2022-07-05,Q.obs,780.0,
08NB005,2022-07-06,Q.obs,804.0,
08NB005,2022-07-06,H.obs,4.719,
08NB005,2022-07-07,Q.obs,783.0,
08NB005,2022-07-07,H.obs,4.657,
08NB005,2022-07-08,H.obs,4.678,
08NB005,2022-07-08,Q.obs,790.0,
08NB005,2022-07-09,H.obs,4.677,
08NB005,2022-07-09,Q.obs,789.0,
08NB005,2022-07-10,Q.obs,758.0,
08NB005,2022-07-10,H.obs,4.581,
08NB005,2022-07-11,Q.obs,726.0,
08NB005,2022-07-11,H.obs,4.483,
08NB005,2022-07-12,H.obs,4.489,
08NB005,2022-07-12,Q.obs,728.0,
08NB005,2022-07-13,Q.obs,745.0,
08NB005,2022-07-13,H.obs,4.543,
08NB005,2022-07-14,Q.obs,739.0,
08NB005,2022-07-14,H.obs,4.523,
08NB005,2022-07-15,H.obs,4.437,
08NB005,2022-07-15,Q.obs,712.0,
08NB005,2022-07-16,Q.obs,701.0,
08NB005,2022-07-16,H.obs,4.403,
08NB005,2022-07-17,Q.obs,699.0,
08NB005,2022-07-17,H.obs,4.397,
08NB005,2022-07-18,Q.obs,683.0,
08NB005,2022-07-18,H.obs,4.347,
08NB005,2022-07-19,Q.obs,672.0,
08NB005,2022-07-19,H.obs,4.309,
08NB005,2022-07-20,Q.obs,659.0,
08NB005,2022-07-20,H.obs,4.269,
08NB005,2022-07-21,H.obs,4.222,
08NB005,2022-07-21,Q.obs,645.0,
08NB005,2022-07-22,Q.obs,632.0,
08NB005,2022-07-22,H.obs,4.175,
08NB005,2022-07-23,H.obs,4.093,
08NB005,2022-07-23,Q.obs,608.0,
08NB005,2022-07-24,Q.obs,585.0,
08NB005,2022-07-24,H.obs,4.012,
08NB005,2022-07-25,Q.obs,563.0,
08NB005,2022-07-25,H.obs,3.933,
08NB005,2022-07-26,Q.obs,552.0,
08NB005,2022-07-26,H.obs,3.893,
08NB005,2022-07-27,H.obs,3.834,
08NB005,2022-07-27,Q.obs,536.0,
08NB005,2022-07-28,Q.obs,529.0,
08NB005,2022-07-28,H.obs,3.81,
08NB005,2022-07-29,Q.obs,526.0,
08NB005,2022-07-29,H.obs,3.797,
08NB005,2022-07-30,Q.obs,517.0,
08NB005,2022-07-30,H.obs,3.761,
08NB005,2022-07-31,Q.obs,503.0,
08NB005,2022-07-31,H.obs,3.708,
08NB005,2022-08-01,Q.obs,492.0,
08NB005,2022-08-01,H.obs,3.666,
08NB005,2022-08-02,H.obs,3.646,
08NB005,2022-08-02,Q.obs,487.0,
08NB005,2022-08-03,H.obs,3.566,
08NB005,2022-08-03,Q.obs,467.0,
08NB005,2022-08-04,Q.obs,452.0,
08NB005,2022-08-04,H.obs,3.503,
08NB005,2022-08-05,H.obs,3.441,
08NB005,2022-08-05,Q.obs,437.0,
08NB005,2022-08-06,H.obs,3.314,
08NB005,2022-08-06,Q.obs,407.0,
08NB005,2022-08-07,Q.obs,392.0,
08NB005,2022-08-07,H.obs,3.244,
08NB005,2022-08-08,H.obs,3.222,
08NB005,2022-08-08,Q.obs,387.0,
08NB005,2022-08-09,H.obs,3.186,
08NB005,2022-08-09,Q.obs,379.0,
08NB005,2022-08-10,H.obs,3.108,
08NB005,2022-08-10,Q.obs,362.0,
08NB005,2022-08-11,Q.obs,344.0,
08NB005,2022-08-11,H.obs,3.021,
08NB005,2022-08-12,H.obs,3.001,
08NB005,2022-08-12,Q.obs,340.0,
08NB005,2022-08-13,Q.obs,333.0,
08NB005,2022-08-13,H.obs,2.966,
08NB005,2022-08-14,Q.obs,324.0,E
08NB005,2022-08-14,H.obs,2.932,A
08NB005,2022-08-15,Q.obs,317.0,E
08NB005,2022-08-16,Q.obs,310.0,E
08NB005,2022-08-17,Q.obs,302.0,E
08NB005,2022-08-18,Q.obs,295.0,E
08NB005,2022-08-19,Q.obs,287.0,E
08NB005,2022-08-20,Q.obs,280.0,E
08NB005,2022-08-21,Q.obs,273.0,E
08NB005,2022-08-22,Q.obs,265.0,E
08NB005,2022-08-23,Q.obs,257.0,E
08NB005,2022-08-23,H.obs,2.545,A
08NB005,2022-08-24,Q.obs,245.0,
08NB005,2022-08-24,H.obs,2.492,
08NB005,2022-08-25,H.obs,2.474,
08NB005,2022-08-25,Q.obs,242.0,
08NB005,2022-08-26,H.obs,2.44,
08NB005,2022-08-26,Q.obs,236.0,
08NB005,2022-08-27,H.obs,2.494,
08NB005,2022-08-27,Q.obs,245.0,
08NB005,2022-08-28,H.obs,2.417,
08NB005,2022-08-28,Q.obs,233.0,
08NB005,2022-08-29,Q.obs,212.0,
08NB005,2022-08-29,H.obs,2.286,
08NB005,2022-08-30,Q.obs,205.0,
08NB005,2022-08-30,H.obs,2.246,
08NB005,2022-08-31,H.obs,2.267,
08NB005,2022-08-31,Q.obs,209.0,
08NB005,2022-09-01,Q.obs,210.0,
08NB005,2022-09-01,H.obs,2.277,
08NB005,2022-09-02,H.obs,2.266,
08NB005,2022-09-02,Q.obs,208.0,
08NB005,2022-09-03,Q.obs,207.0,
08NB005,2022-09-03,H.obs,2.254,
08NB005,2022-09-04,Q.obs,205.0,
08NB005,2022-09-04,H.obs,2.246,
08NB005,2022-09-05,Q.obs,207.0,
08NB005,2022-09-05,H.obs,2.258,
08NB005,2022-09-06,H.obs,2.146,
08NB005,2022-09-06,Q.obs,191.0,
08NB005,2022-09-07,Q.obs,180.0,
08NB005,2022-09-07,H.obs,2.072,
08NB005,2022-09-08,Q.obs,165.0,
08NB005,2022-09-08,H.obs,1.965,
08NB005,2022-09-09,Q.obs,150.0,
08NB005,2022-09-09,H.obs,1.85,
08NB005,2022-09-10,H.obs,1.744,
08NB005,2022-09-10,Q.obs,137.0,
08NB005,2022-09-11,H.obs,1.686,
08NB005,2022-09-11,Q.obs,130.0,
08NB005,2022-09-12,Q.obs,127.0,
08NB005,2022-09-12,H.obs,1.659,
08NB005,2022-09-13,Q.obs,128.0,
08NB005,2022-09-13,H.obs,1.663,
08NB005,2022-09-14,Q.obs,131.0,
08NB005,2022-09-14,H.obs,1.689,
08NB005,2022-09-15,Q.obs,136.0,
08NB005,2022-09-15,H.obs,1.735,
08NB005,2022-09-16,Q.obs,135.0,
08NB005,2022-09-16,H.obs,1.729,
08NB005,2022-09-17,Q.obs,132.0,
08NB005,2022-09-17,H.obs,1.704,
08NB005,2022-09-18,Q.obs,122.0,
08NB005,2022-09-18,H.obs,1.609,
08NB005,2022-09-19,Q.obs,112.0,
08NB005,2022-09-19,H.obs,1.52,
08NB005,2022-09-20,Q.obs,100.0,
08NB005,2022-09-20,H.obs,1.409,
08NB005,2022-09-21,Q.obs,91.8,
08NB005,2022-09-21,H.obs,1.321,
08NB005,2022-09-22,H.obs,1.27,
08NB005,2022-09-22,Q.obs,87.0,
08NB005,2022-09-23,H.obs,1.25,
08NB005,2022-09-23,Q.obs,85.2,
08NB005,2022-09-24,H.obs,1.229,
08NB005,2022-09-24,Q.obs,83.3,
08NB005,2022-09-25,H.obs,1.214,
08NB005,2022-09-25,Q.obs,82.0,
08NB005,2022-09-26,H.obs,1.202,
08NB005,2022-09-26,Q.obs,81.0,
08NB005,2022-09-27,H.obs,1.253,
08NB005,2022-09-27,Q.obs,85.5,
08NB005,2022-09-28,H.obs,1.352,
08NB005,2022-09-28,Q.obs,94.8,
08NB005,2022-09-29,H.obs,1.414,
08NB005,2022-09-29,Q.obs,101.0,
08NB005,2022-09-30,H.obs,1.407,
08NB005,2022-09-30,Q.obs,100.0,
08NB005,2022-10-01,H.obs,1.416,
08NB005,2022-10-01,Q.obs,101.0,
08NB005,2022-10-02,H.obs,1.401,
08NB005,2022-10-02,Q.obs,99.5,
08NB005,2022-10-03,Q.obs,99.6,
08NB005,2022-10-03,H.obs,1.401,
08NB005,2022-10-04,H.obs,1.412,
08NB005,2022-10-04,Q.obs,101.0,
08NB005,2022-10-05,Q.obs,101.0,
08NB005,2022-10-05,H.obs,1.42,
08NB005,2022-10-06,H.obs,1.415,
08NB005,2022-10-06,Q.obs,101.0,
08NB005,2022-10-07,H.obs,1.386,
08NB005,2022-10-07,Q.obs,98.1,
08NB005,2022-10-08,H.obs,1.346,
08NB005,2022-10-08,Q.obs,94.2,
08NB005,2022-10-09,H.obs,1.315,
08NB005,2022-10-09,Q.obs,91.3,
08NB005,2022-10-10,Q.obs,89.4,
08NB005,2022-10-10,H.obs,1.295,
08NB005,2022-10-11,H.obs,1.259,
08NB005,2022-10-11,Q.obs,86.0,
08NB005,2022-10-12,H.obs,1.192,
08NB005,2022-10-12,Q.obs,80.0,
08NB005,2022-10-13,Q.obs,75.2,
08NB005,2022-10-13,H.obs,1.135,
08NB005,2022-10-14,H.obs,1.076,
08NB005,2022-10-14,Q.obs,70.3,
08NB005,2022-10-15,H.obs,1.039,
08NB005,2022-10-15,Q.obs,67.3,
08NB005,2022-10-16,Q.obs,66.5,
08NB005,2022-10-16,H.obs,1.029,
08NB005,2022-10-17,Q.obs,66.2,
08NB005,2022-10-17,H.obs,1.025,
08NB005,2022-10-18,Q.obs,65.8,
08NB005,2022-10-18,H.obs,1.019,
08NB005,2022-10-19,Q.obs,64.8,
08NB005,2022-10-19,H.obs,1.008,
08NB005,2022-10-20,Q.obs,63.9,
08NB005,2022-10-20,H.obs,0.996,
08NB005,2022-10-21,H.obs,0.982,
08NB005,2022-10-21,Q.obs,62.9,
08NB005,2022-10-22,Q.obs,60.9,
08NB005,2022-10-22,H.obs,0.956,
08NB005,2022-10-23,Q.obs,59.0,
08NB005,2022-10-23,H.obs,0.93,
08NB005,2022-10-24,H.obs,0.898,
08NB005,2022-10-24,Q.obs,56.7,
08NB005,2022-10-25,Q.obs,54.9,
08NB005,2022-10-25,H.obs,0.873,
08NB005,2022-10-26,Q.obs,53.7,
08NB005,2022-10-26,H.obs,0.855,
08NB005,2022-10-27,Q.obs,52.5,
08NB005,2022-10-27,H.obs,0.838,
08NB005,2022-10-28,H.obs,0.837,
08NB005,2022-10-28,Q.obs,52.4,
08NB005,2022-10-29,Q.obs,53.4,
08NB005,2022-10-29,H.obs,0.851,
08NB005,2022-10-30,H.obs,0.852,
08NB005,2022-10-30,Q.obs,53.5,
08NB005,2022-10-31,Q.obs,53.2,
08NB005,2022-10-31,H.obs,0.848,
08NB005,2022-11-01,H.obs,0.845,
08NB005,2022-11-01,Q.obs,53.0,
08NB005,2022-11-02,Q.obs,53.2,
08NB005,2022-11-02,H.obs,0.849,
08NB005,2022-11-03,H.obs,0.831,
08NB005,2022-11-03,Q.obs,52.0,
08NB005,2022-11-04,Q.obs,50.2,
08NB005,2022-11-04,H.obs,0.803,
08NB005,2022-11-05,Q.obs,49.9,
08NB005,2022-11-05,H.obs,0.8,
08NB005,2022-11-06,H.obs,0.794,
08NB005,2022-11-06,Q.obs,49.5,
08NB005,2022-11-07,Q.obs,45.4,
08NB005,2022-11-07,H.obs,0.729,
08NB005,2022-11-08,H.obs,0.585,
08NB005,2022-11-08,Q.obs,32.5,B
08NB005,2022-11-09,Q.obs,26.8,B
08NB005,2022-11-09,H.obs,0.499,
08NB005,2022-11-10,Q.obs,25.8,B
08NB005,2022-11-10,H.obs,0.537,
08NB005,2022-11-11,Q.obs,27.8,B
08NB005,2022-11-11,H.obs,0.461,
08NB005,2022-11-12,Q.obs,30.0,B
08NB005,2022-11-12,H.obs,0.498,
08NB005,2022-11-13,H.obs,0.537,
08NB005,2022-11-13,Q.obs,31.1,B
08NB005,2022-11-14,H.obs,0.563,
08NB005,2022-11-14,Q.obs,33.0,B
08NB005,2022-11-15,H.obs,0.598,
08NB005,2022-11-15,Q.obs,34.6,B
08NB005,2022-11-16,Q.obs,35.9,B
08NB005,2022-11-16,H.obs,0.639,
08NB005,2022-11-17,Q.obs,36.4,B
08NB005,2022-11-17,H.obs,0.661,
08NB005,2022-11-18,Q.obs,36.4,B
08NB005,2022-11-18,H.obs,0.672,
08NB005,2022-11-19,Q.obs,33.9,B
08NB005,2022-11-19,H.obs,0.741,
08NB005,2022-11-20,Q.obs,29.8,B
08NB005,2022-11-20,H.obs,0.824,
08NB005,2022-11-21,Q.obs,28.6,B
08NB005,2022-11-21,H.obs,0.846,
08NB005,2022-11-22,Q.obs,31.2,B
08NB005,2022-11-22,H.obs,0.679,
08NB005,2022-11-23,Q.obs,34.9,B
08NB005,2022-11-23,H.obs,0.906,
08NB005,2022-11-24,Q.obs,36.4,B
08NB005,2022-11-24,H.obs,0.825,
08NB005,2022-11-25,Q.obs,37.2,B
08NB005,2022-11-25,H.obs,0.749,
08NB005,2022-11-26,Q.obs,37.9,B
08NB005,2022-11-26,H.obs,0.695,
08NB005,2022-11-27,Q.obs,38.1,B
08NB005,2022-11-27,H.obs,0.686,
08NB005,2022-11-28,Q.obs,37.5,B
08NB005,2022-11-28,H.obs,0.713,
08NB005,2022-11-29,H.obs,0.806,
08NB005,2022-11-29,Q.obs,36.7,B
08NB005,2022-11-30,H.obs,0.798,
08NB005,2022-11-30,Q.obs,36.4,B
08NB005,2022-12-01,Q.obs,36.3,B
08NB005,2022-12-01,H.obs,0.78,
08NB005,2022-12-02,Q.obs,36.7,B
08NB005,2022-12-02,H.obs,0.782,
08NB005,2022-12-03,H.obs,0.862,
08NB005,2022-12-03,Q.obs,37.1,B
08NB005,2022-12-04,Q.obs,37.1,B
08NB005,2022-12-04,H.obs,0.936,
08NB005,2022-12-05,H.obs,0.962,
08NB005,2022-12-05,Q.obs,37.0,B
08NB005,2022-12-06,Q.obs,37.0,B
08NB005,2022-12-06,H.obs,0.984,
08NB005,2022-12-07,H.obs,0.988,
08NB005,2022-12-07,Q.obs,36.8,B
08NB005,2022-12-08,Q.obs,36.6,B
08NB005,2022-12-08,H.obs,0.992,
08NB005,2022-12-09,H.obs,1.006,
08NB005,2022-12-09,Q.obs,36.6,B
08NB005,2022-12-10,Q.obs,36.5,B
08NB005,2022-12-10,H.obs,1.006,
08NB005,2022-12-11,Q.obs,36.3,B
08NB005,2022-12-11,H.obs,0.996,
08NB005,2022-12-12,Q.obs,36.2,B
08NB005,2022-12-12,H.obs,0.995,
08NB005,2022-12-13,Q.obs,36.1,B
08NB005,2022-12-13,H.obs,0.979,
08NB005,2022-12-14,Q.obs,35.8,B
08NB005,2022-12-14,H.obs,0.951,
08NB005,2022-12-15,H.obs,0.94,
08NB005,2022-12-15,Q.obs,35.3,B
08NB005,2022-12-16,H.obs,0.928,
08NB005,2022-12-16,Q.obs,34.9,B
08NB005,2022-12-17,Q.obs,34.4,B
08NB005,2022-12-17,H.obs,0.915,
08NB005,2022-12-18,Q.obs,33.4,B
08NB005,2022-12-18,H.obs,0.87,
08NB005,2022-12-19,H.obs,0.785,
08NB005,2022-12-19,Q.obs,32.1,B
08NB005,2022-12-20,Q.obs,30.9,B
08NB005,2022-12-20,H.obs,0.795,
08NB005,2022-12-21,Q.obs,29.7,B
08NB005,2022-12-21,H.obs,0.826,
08NB005,2022-12-22,H.obs,0.851,
08NB005,2022-12-22,Q.obs,29.1,B
08NB005,2022-12-23,H.obs,0.914,
08NB005,2022-12-23,Q.obs,30.0,B
08NB005,2022-12-24,H.obs,0.969,
08NB005,2022-12-24,Q.obs,30.9,B
08NB005,2022-12-25,H.obs,1.01,
08NB005,2022-12-25,Q.obs,31.4,B
08NB005,2022-12-26,H.obs,1.05,
08NB005,2022-12-26,Q.obs,31.9,B
08NB005,2022-12-27,Q.obs,32.4,B
08NB005,2022-12-27,H.obs,1.065,
08NB005,2022-12-28,H.obs,1.048,
08NB005,2022-12-28,Q.obs,33.0,B
08NB005,2022-12-29,Q.obs,33.5,B
08NB005,2022-12-29,H.obs,1.022,
08NB005,2022-12-30,H.obs,1.008,
08NB005,2022-12-30,Q.obs,33.7,B
08NB005,2022-12-31,Q.obs,33.8,B
08NB005,2022-12-31,H.obs,1.002,
08NB005,2023-01-01,H.obs,0.982,
08NB005,2023-01-01,Q.obs,33.7,B
08NB005,2023-01-02,H.obs,0.963,
08NB005,2023-01-02,Q.obs,33.6,B
08NB005,2023-01-03,H.obs,0.952,
08NB005,2023-01-03,Q.obs,33.4,B
08NB005,2023-01-04,H.obs,0.94,
08NB005,2023-01-04,Q.obs,33.3,B
08NB005,2023-01-05,H.obs,0.927,
08NB005,2023-01-05,Q.obs,33.1,B
08NB005,2023-01-06,H.obs,0.909,
08NB005,2023-01-06,Q.obs,33.1,B
08NB005,2023-01-07,Q.obs,33.2,B
08NB005,2023-01-07,H.obs,0.906,
08NB005,2023-01-08,Q.obs,33.3,B
08NB005,2023-01-08,H.obs,0.902,
08NB005,2023-01-09,Q.obs,33.4,B
08NB005,2023-01-09,H.obs,0.898,
08NB005,2023-01-10,Q.obs,33.5,B
08NB005,2023-01-10,H.obs,0.89,
08NB005,2023-01-11,Q.obs,33.5,B
08NB005,2023-01-11,H.obs,0.884,
08NB005,2023-01-12,Q.obs,33.4,B
08NB005,2023-01-12,H.obs,0.875,
08NB005,2023-01-13,Q.obs,33.3,B
08NB005,2023-01-13,H.obs,0.879,
08NB005,2023-01-14,H.obs,0.886,
08NB005,2023-01-14,Q.obs,33.2,B
08NB005,2023-01-15,H.obs,0.888,
08NB005,2023-01-15,Q.obs,33.2,B
08NB005,2023-01-16,Q.obs,33.1,B
08NB005,2023-01-16,H.obs,0.898,
08NB005,2023-01-17,H.obs,0.887,
08NB005,2023-01-17,Q.obs,33.0,B
08NB005,2023-01-18,Q.obs,32.8,B
08NB005,2023-01-18,H.obs,0.864,
08NB005,2023-01-19,H.obs,0.819,
08NB005,2023-01-19,Q.obs,32.3,B
08NB005,2023-01-20,H.obs,0.786,
08NB005,2023-01-20,Q.obs,31.4,B
08NB005,2023-01-21,Q.obs,30.5,B
08NB005,2023-01-21,H.obs,0.774,
08NB005,2023-01-22,Q.obs,29.0,B
08NB005,2023-01-22,H.obs,0.734,
08NB005,2023-01-23,H.obs,0.718,
08NB005,2023-01-23,Q.obs,27.4,B
08NB005,2023-01-24,H.obs,0.759,
08NB005,2023-01-24,Q.obs,27.7,B
08NB005,2023-01-25,Q.obs,27.8,B
08NB005,2023-01-25,H.obs,0.754,
08NB005,2023-01-26,Q.obs,27.9,B
08NB005,2023-01-26,H.obs,0.718,
08NB005,2023-01-27,Q.obs,28.0,B
08NB005,2023-01-27,H.obs,0.703,
08NB005,2023-01-28,H.obs,0.709,
08NB005,2023-01-28,Q.obs,28.0,B
08NB005,2023-01-29,Q.obs,27.8,B
08NB005,2023-01-29,H.obs,0.692,
08NB005,2023-01-30,Q.obs,25.0,B
08NB005,2023-01-30,H.obs,0.663,
08NB005,2023-01-31,Q.obs,21.1,B
08NB005,2023-01-31,H.obs,0.652,
08NB005,2023-02-01,Q.obs,20.5,B
08NB005,2023-02-01,H.obs,0.633,
08NB005,2023-02-02,Q.obs,22.7,B
08NB005,2023-02-02,H.obs,0.682,
08NB005,2023-02-03,Q.obs,25.7,B
08NB005,2023-02-03,H.obs,0.745,
08NB005,2023-02-04,Q.obs,27.2,B
08NB005,2023-02-04,H.obs,0.8,
08NB005,2023-02-05,H.obs,0.817,
08NB005,2023-02-05,Q.obs,27.8,B
08NB005,2023-02-06,H.obs,0.815,
08NB005,2023-02-06,Q.obs,28.3,B
08NB005,2023-02-07,H.obs,0.815,
08NB005,2023-02-07,Q.obs,28.9,B
08NB005,2023-02-08,H.obs,0.804,
08NB005,2023-02-08,Q.obs,29.0,B
08NB005,2023-02-09,H.obs,0.787,
08NB005,2023-02-09,Q.obs,28.9,B
08NB005,2023-02-10,Q.obs,28.7,B
08NB005,2023-02-10,H.obs,0.783,
08NB005,2023-02-11,Q.obs,28.6,B
08NB005,2023-02-11,H.obs,0.767,
08NB005,2023-02-12,Q.obs,28.4,B
08NB005,2023-02-12,H.obs,0.754,
08NB005,2023-02-13,Q.obs,27.6,B
08NB005,2023-02-13,H.obs,0.744,
08NB005,2023-02-14,H.obs,0.706,
08NB005,2023-02-14,Q.obs,26.7,B
08NB005,2023-02-15,Q.obs,26.1,B
08NB005,2023-02-15,H.obs,0.687,
08NB005,2023-02-16,Q.obs,26.2,B
08NB005,2023-02-16,H.obs,0.682,
08NB005,2023-02-17,H.obs,0.658,
08NB005,2023-02-17,Q.obs,26.4,B
08NB005,2023-02-18,Q.obs,26.3,B
08NB005,2023-02-18,H.obs,0.601,
08NB005,2023-02-19,Q.obs,26.2,B
08NB005,2023-02-19,H.obs,0.554,
08NB005,2023-02-20,Q.obs,26.1,B
08NB005,2023-02-20,H.obs,0.556,
08NB005,2023-02-21,Q.obs,25.9,B
08NB005,2023-02-21,H.obs,0.618,
08NB005,2023-02-22,Q.obs,25.8,B
08NB005,2023-02-22,H.obs,0.657,
08NB005,2023-02-23,Q.obs,25.6,B
08NB005,2023-02-23,H.obs,0.602,
08NB005,2023-02-24,Q.obs,25.1,B
08NB005,2023-02-24,H.obs,0.589,
08NB005,2023-02-25,Q.obs,23.1,B
08NB005,2023-02-25,H.obs,0.599,
08NB005,2023-02-26,Q.obs,23.9,B
08NB005,2023-02-26,H.obs,0.617,
08NB005,2023-02-27,H.obs,0.705,
08NB005,2023-02-27,Q.obs,25.8,B
08NB005,2023-02-28,H.obs,0.742,
08NB005,2023-02-28,Q.obs,26.7,B
08NB005,2023-03-01,H.obs,0.745,
08NB005,2023-03-01,Q.obs,27.1,B
08NB005,2023-03-02,Q.obs,27.4,B
08NB005,2023-03-02,H.obs,0.741,
08NB005,2023-03-03,H.obs,0.72,
08NB005,2023-03-03,Q.obs,27.5,B
08NB005,2023-03-04,H.obs,0.705,
08NB005,2023-03-04,Q.obs,27.6,B
08NB005,2023-03-05,H.obs,0.695,
08NB005,2023-03-05,Q.obs,27.6,B
08NB005,2023-03-06,H.obs,0.675,
08NB005,2023-03-06,Q.obs,27.3,B
08NB005,2023-03-07,Q.obs,27.0,B
08NB005,2023-03-07,H.obs,0.651,
08NB005,2023-03-08,Q.obs,26.6,B
08NB005,2023-03-08,H.obs,0.648,
08NB005,2023-03-09,Q.obs,26.4,B
08NB005,2023-03-09,H.obs,0.642,
08NB005,2023-03-10,H.obs,0.626,
08NB005,2023-03-10,Q.obs,26.2,B
08NB005,2023-03-11,H.obs,0.626,
08NB005,2023-03-11,Q.obs,26.1,B
08NB005,2023-03-12,H.obs,0.619,
08NB005,2023-03-12,Q.obs,25.9,B
08NB005,2023-03-13,H.obs,0.62,
08NB005,2023-03-13,Q.obs,26.2,B
08NB005,2023-03-14,Q.obs,26.7,B
08NB005,2023-03-14,H.obs,0.643,
08NB005,2023-03-15,H.obs,0.621,
08NB005,2023-03-15,Q.obs,27.1,B
08NB005,2023-03-16,H.obs,0.623,
08NB005,2023-03-16,Q.obs,27.6,B
08NB005,2023-03-17,Q.obs,27.6,B
08NB005,2023-03-17,H.obs,0.603,
08NB005,2023-03-18,Q.obs,27.5,B
08NB005,2023-03-18,H.obs,0.565,
08NB005,2023-03-19,Q.obs,27.4,B
08NB005,2023-03-19,H.obs,0.502,
08NB005,2023-03-20,Q.obs,27.3,B
08NB005,2023-03-20,H.obs,0.447,
08NB005,2023-03-21,H.obs,0.434,
08NB005,2023-03-21,Q.obs,27.3,B
08NB005,2023-03-22,Q.obs,27.2,B
08NB005,2023-03-22,H.obs,0.443,
08NB005,2023-03-23,H.obs,0.452,
08NB005,2023-03-23,Q.obs,27.1,B
08NB005,2023-03-24,Q.obs,27.3,B
08NB005,2023-03-24,H.obs,0.44,
08NB005,2023-03-25,H.obs,0.446,
08NB005,2023-03-25,Q.obs,27.6,B
08NB005,2023-03-26,Q.obs,27.9,B
08NB005,2023-03-26,H.obs,0.46,
08NB005,2023-03-27,H.obs,0.48,
08NB005,2023-03-27,Q.obs,27.7,B
08NB005,2023-03-28,Q.obs,27.6,B
08NB005,2023-03-28,H.obs,0.477,
08NB005,2023-03-29,H.obs,0.465,
08NB005,2023-03-29,Q.obs,27.5,B
08NB005,2023-03-30,H.obs,0.472,
08NB005,2023-03-30,Q.obs,27.6,B
08NB005,2023-03-31,Q.obs,27.8,B
08NB005,2023-03-31,H.obs,0.491,
08NB005,2023-04-01,H.obs,0.502,
08NB005,2023-04-01,Q.obs,28.0,B
08NB005,2023-04-02,H.obs,0.504,
08NB005,2023-04-02,Q.obs,28.1,B
08NB005,2023-04-03,H.obs,0.51,
08NB005,2023-04-03,Q.obs,28.2,B
08NB005,2023-04-04,H.obs,0.495,
08NB005,2023-04-04,Q.obs,28.4,B
08NB005,2023-04-05,H.obs,0.473,
08NB005,2023-04-05,Q.obs,28.7,B
08NB005,2023-04-06,H.obs,0.485,
08NB005,2023-04-06,Q.obs,30.2,B
08NB005,2023-04-07,H.obs,0.509,
08NB005,2023-04-07,Q.obs,31.9,B
08NB005,2023-04-08,Q.obs,34.2,
08NB005,2023-04-08,H.obs,0.536,
08NB005,2023-04-09,H.obs,0.594,
08NB005,2023-04-09,Q.obs,37.4,
08NB005,2023-04-10,H.obs,0.669,
08NB005,2023-04-10,Q.obs,41.7,
08NB005,2023-04-11,Q.obs,45.8,
08NB005,2023-04-11,H.obs,0.736,
08NB005,2023-04-12,Q.obs,46.5,
08NB005,2023-04-12,H.obs,0.748,
08NB005,2023-04-13,Q.obs,45.1,
08NB005,2023-04-13,H.obs,0.726,
08NB005,2023-04-14,Q.obs,42.1,
08NB005,2023-04-14,H.obs,0.676,
08NB005,2023-04-15,Q.obs,39.0,
08NB005,2023-04-15,H.obs,0.623,
08NB005,2023-04-16,H.obs,0.597,
08NB005,2023-04-16,Q.obs,37.5,
08NB005,2023-04-17,H.obs,0.611,
08NB005,2023-04-17,Q.obs,38.3,
08NB005,2023-04-18,Q.obs,38.1,
08NB005,2023-04-18,H.obs,0.607,
08NB005,2023-04-19,Q.obs,36.2,
08NB005,2023-04-19,H.obs,0.574,
08NB005,2023-04-20,Q.obs,34.9,
08NB005,2023-04-20,H.obs,0.55,
08NB005,2023-04-21,H.obs,0.541,
08NB005,2023-04-21,Q.obs,34.4,
08NB005,2023-04-22,Q.obs,34.1,
08NB005,2023-04-22,H.obs,0.535,
08NB005,2023-04-23,H.obs,0.535,
08NB005,2023-04-23,Q.obs,34.1,
08NB005,2023-04-24,H.obs,0.546,
08NB005,2023-04-24,Q.obs,34.7,
08NB005,2023-04-25,Q.obs,37.2,
08NB005,2023-04-25,H.obs,0.592,
08NB005,2023-04-26,H.obs,0.617,
08NB005,2023-04-26,Q.obs,38.6,
08NB005,2023-04-27,H.obs,0.635,
08NB005,2023-04-27,Q.obs,39.7,
08NB005,2023-04-28,H.obs,0.661,
08NB005,2023-04-28,Q.obs,41.2,
08NB005,2023-04-29,H.obs,0.739,
08NB005,2023-04-29,Q.obs,46.0,
08NB005,2023-04-30,Q.obs,55.2,
08NB005,2023-04-30,H.obs,0.877,
08NB005,2023-05-01,H.obs,1.106,
08NB005,2023-05-01,Q.obs,72.9,
08NB005,2023-05-02,Q.obs,103.0,
08NB005,2023-05-02,H.obs,1.431,
08NB005,2023-05-03,H.obs,1.904,
08NB005,2023-05-03,Q.obs,158.0,
08NB005,2023-05-04,H.obs,2.394,
08NB005,2023-05-04,Q.obs,229.0,
08NB005,2023-05-05,Q.obs,284.0,
08NB005,2023-05-05,H.obs,2.714,
08NB005,2023-05-06,Q.obs,327.0,
08NB005,2023-05-06,H.obs,2.936,
08NB005,2023-05-07,H.obs,2.977,
08NB005,2023-05-07,Q.obs,335.0,
08NB005,2023-05-08,Q.obs,329.0,
08NB005,2023-05-08,H.obs,2.947,
08NB005,2023-05-09,Q.obs,329.0,
08NB005,2023-05-09,H.obs,2.946,
08NB005,2023-05-10,H.obs,2.93,
08NB005,2023-05-10,Q.obs,326.0,
08NB005,2023-05-11,Q.obs,313.0,
08NB005,2023-05-11,H.obs,2.865,
08NB005,2023-05-12,Q.obs,305.0,
08NB005,2023-05-12,H.obs,2.826,
08NB005,2023-05-13,H.obs,2.858,
08NB005,2023-05-13,Q.obs,311.0,
08NB005,2023-05-14,H.obs,2.982,
08NB005,2023-05-14,Q.obs,336.0,
08NB005,2023-05-15,Q.obs,372.0,
08NB005,2023-05-15,H.obs,3.156,
08NB005,2023-05-16,H.obs,3.343,
08NB005,2023-05-16,Q.obs,414.0,
08NB005,2023-05-17,Q.obs,449.0,
08NB005,2023-05-17,H.obs,3.493,
08NB005,2023-05-18,Q.obs,464.0,
08NB005,2023-05-18,H.obs,3.555,
08NB005,2023-05-19,Q.obs,472.0,
08NB005,2023-05-19,H.obs,3.588,
08NB005,2023-05-20,H.obs,3.716,
08NB005,2023-05-20,Q.obs,505.0,
08NB005,2023-05-21,Q.obs,517.0,
08NB005,2023-05-21,H.obs,3.764,
08NB005,2023-05-22,H.obs,3.832,
08NB005,2023-05-22,Q.obs,535.0,
08NB005,2023-05-23,Q.obs,569.0,
08NB005,2023-05-23,H.obs,3.955,
08NB005,2023-05-24,Q.obs,541.0,
08NB005,2023-05-24,H.obs,3.851,
08NB005,2023-05-25,Q.obs,515.0,
08NB005,2023-05-25,H.obs,3.754,
08NB005,2023-05-26,Q.obs,507.0,
08NB005,2023-05-26,H.obs,3.724,
08NB005,2023-05-27,H.obs,3.675,
08NB005,2023-05-27,Q.obs,494.0,
08NB005,2023-05-28,H.obs,3.651,
08NB005,2023-05-28,Q.obs,488.0,
08NB005,2023-05-29,Q.obs,483.0,
08NB005,2023-05-29,H.obs,3.63,
08NB005,2023-05-30,H.obs,3.593,
08NB005,2023-05-30,Q.obs,474.0,
08NB005,2023-05-31,H.obs,3.523,
08NB005,2023-05-31,Q.obs,456.0,
08NB005,2023-06-01,H.obs,3.443,
08NB005,2023-06-01,Q.obs,437.0,
08NB005,2023-06-02,Q.obs,423.0,
08NB005,2023-06-02,H.obs,3.382,
08NB005,2023-06-03,H.obs,3.362,
08NB005,2023-06-03,Q.obs,418.0,
08NB005,2023-06-04,H.obs,3.404,
08NB005,2023-06-04,Q.obs,428.0,
08NB005,2023-06-05,H.obs,3.427,
08NB005,2023-06-05,Q.obs,434.0,
08NB005,2023-06-06,Q.obs,422.0,
08NB005,2023-06-06,H.obs,3.377,
08NB005,2023-06-07,Q.obs,404.0,
08NB005,2023-06-07,H.obs,3.301,
08NB005,2023-06-08,Q.obs,398.0,
08NB005,2023-06-08,H.obs,3.271,
08NB005,2023-06-09,Q.obs,403.0,
08NB005,2023-06-09,H.obs,3.294,
08NB005,2023-06-10,H.obs,3.31,
08NB005,2023-06-10,Q.obs,406.0,
08NB005,2023-06-11,H.obs,3.302,
08NB005,2023-06-11,Q.obs,405.0,
08NB005,2023-06-12,H.obs,3.275,
08NB005,2023-06-12,Q.obs,399.0,
08NB005,2023-06-13,H.obs,3.293,
08NB005,2023-06-13,Q.obs,403.0,
08NB005,2023-06-14,Q.obs,439.0,
08NB005,2023-06-14,H.obs,3.448,
08NB005,2023-06-15,Q.obs,443.0,
08NB005,2023-06-15,H.obs,3.468,
08NB005,2023-06-16,Q.obs,404.0,
08NB005,2023-06-16,H.obs,3.297,
08NB005,2023-06-17,Q.obs,392.0,
08NB005,2023-06-17,H.obs,3.244,
08NB005,2023-06-18,H.obs,3.329,
08NB005,2023-06-18,Q.obs,411.0,
08NB005,2023-06-19,H.obs,3.364,
08NB005,2023-06-19,Q.obs,419.0,
08NB005,2023-06-20,H.obs,3.329,
08NB005,2023-06-20,Q.obs,411.0,
08NB005,2023-06-21,H.obs,3.26,
08NB005,2023-06-21,Q.obs,395.0,
08NB005,2023-06-22,Q.obs,380.0,
08NB005,2023-06-22,H.obs,3.193,
08NB005,2023-06-23,Q.obs,370.0,
08NB005,2023-06-23,H.obs,3.146,
08NB005,2023-06-24,H.obs,3.092,
08NB005,2023-06-24,Q.obs,359.0,
08NB005,2023-06-25,Q.obs,352.0,
08NB005,2023-06-25,H.obs,3.061,
08NB005,2023-06-26,Q.obs,342.0,
08NB005,2023-06-26,H.obs,3.011,
08NB005,2023-06-27,Q.obs,333.0,
08NB005,2023-06-27,H.obs,2.965,
08NB005,2023-06-28,Q.obs,327.0,
08NB005,2023-06-28,H.obs,2.937,
08NB005,2023-06-29,Q.obs,321.0,
08NB005,2023-06-29,H.obs,2.91,
08NB005,2023-06-30,Q.obs,319.0,
08NB005,2023-06-30,H.obs,2.9,
08NB005,2023-07-01,H.obs,2.903,
08NB005,2023-07-01,Q.obs,320.0,
08NB005,2023-07-02,Q.obs,317.0,
08NB005,2023-07-02,H.obs,2.885,
08NB005,2023-07-03,Q.obs,300.0,
08NB005,2023-07-03,H.obs,2.798,
08NB005,2023-07-04,H.obs,2.733,
08NB005,2023-07-04,Q.obs,288.0,
08NB005,2023-07-05,Q.obs,283.0,
08NB005,2023-07-05,H.obs,2.708,
08NB005,2023-07-06,H.obs,2.69,
08NB005,2023-07-06,Q.obs,280.0,
08NB005,2023-07-07,Q.obs,272.0,
08NB005,2023-07-07,H.obs,2.647,
08NB005,2023-07-08,Q.obs,270.0,
08NB005,2023-07-08,H.obs,2.639,
08NB005,2023-07-09,Q.obs,269.0,
08NB005,2023-07-09,H.obs,2.63,
08NB005,2023-07-10,H.obs,2.636,
08NB005,2023-07-10,Q.obs,270.0,
08NB005,2023-07-11,Q.obs,298.0,
08NB005,2023-07-11,H.obs,2.787,
08NB005,2023-07-12,Q.obs,330.0,
08NB005,2023-07-12,H.obs,2.954,
08NB005,2023-07-13,Q.obs,327.0,
08NB005,2023-07-13,H.obs,2.938,
08NB005,2023-07-14,H.obs,2.874,
08NB005,2023-07-14,Q.obs,314.0,
08NB005,2023-07-15,Q.obs,300.0,
08NB005,2023-07-15,H.obs,2.797,
08NB005,2023-07-16,Q.obs,290.0,
08NB005,2023-07-16,H.obs,2.747,
08NB005,2023-07-17,H.obs,2.729,
08NB005,2023-07-17,Q.obs,287.0,
08NB005,2023-07-18,Q.obs,279.0,
08NB005,2023-07-18,H.obs,2.686,
08NB005,2023-07-19,H.obs,2.58,
08NB005,2023-07-19,Q.obs,260.0,
08NB005,2023-07-20,Q.obs,258.0,
08NB005,2023-07-20,H.obs,2.568,
08NB005,2023-07-21,H.obs,2.579,
08NB005,2023-07-21,Q.obs,260.0,
08NB005,2023-07-22,H.obs,2.586,
08NB005,2023-07-22,Q.obs,261.0,
08NB005,2023-07-23,H.obs,2.608,
08NB005,2023-07-23,Q.obs,265.0,
08NB005,2023-07-24,H.obs,2.61,
08NB005,2023-07-24,Q.obs,265.0,
08NB005,2023-07-25,H.obs,2.642,
08NB005,2023-07-25,Q.obs,271.0,
08NB005,2023-07-26,Q.obs,252.0,
08NB005,2023-07-26,H.obs,2.53,
08NB005,2023-07-27,H.obs,2.402,
08NB005,2023-07-27,Q.obs,230.0,
08NB005,2023-07-28,Q.obs,220.0,
08NB005,2023-07-28,H.obs,2.339,
08NB005,2023-07-29,H.obs,2.271,
08NB005,2023-07-29,Q.obs,209.0,
08NB005,2023-07-30,H.obs,2.286,
08NB005,2023-07-30,Q.obs,212.0,
08NB005,2023-07-31,H.obs,2.296,
08NB005,2023-07-31,Q.obs,213.0,
08NB005,2023-08-01,Q.obs,212.0,
08NB005,2023-08-01,H.obs,2.289,
08NB005,2023-08-02,H.obs,2.3,
08NB005,2023-08-02,Q.obs,214.0,
08NB005,2023-08-03,Q.obs,213.0,
08NB005,2023-08-03,H.obs,2.295,
08NB005,2023-08-04,Q.obs,212.0,
08NB005,2023-08-04,H.obs,2.29,
08NB005,2023-08-05,Q.obs,213.0,
08NB005,2023-08-05,H.obs,2.294,
08NB005,2023-08-06,Q.obs,217.0,
08NB005,2023-08-06,H.obs,2.318,
08NB005,2023-08-07,Q.obs,218.0,
08NB005,2023-08-07,H.obs,2.327,
08NB005,2023-08-08,H.obs,2.302,
08NB005,2023-08-08,Q.obs,214.0,
08NB005,2023-08-09,Q.obs,216.0,
08NB005,2023-08-09,H.obs,2.316,
08NB005,2023-08-10,H.obs,2.382,
08NB005,2023-08-10,Q.obs,227.0,
08NB005,2023-08-11,Q.obs,222.0,
08NB005,2023-08-11,H.obs,2.35,
08NB005,2023-08-12,H.obs,2.289,
08NB005,2023-08-12,Q.obs,212.0,
08NB005,2023-08-13,Q.obs,212.0,
08NB005,2023-08-13,H.obs,2.286,
08NB005,2023-08-14,H.obs,2.32,
08NB005,2023-08-14,Q.obs,217.0,
08NB005,2023-08-15,H.obs,2.38,
08NB005,2023-08-15,Q.obs,226.0,
08NB005,2023-08-16,Q.obs,240.0,
08NB005,2023-08-16,H.obs,2.461,
08NB005,2023-08-17,Q.obs,245.0,
08NB005,2023-08-17,H.obs,2.495,
08NB005,2023-08-18,Q.obs,258.0,
08NB005,2023-08-18,H.obs,2.568,
08NB005,2023-08-19,Q.obs,239.0,
08NB005,2023-08-19,H.obs,2.453,
08NB005,2023-08-20,H.obs,2.286,
08NB005,2023-08-20,Q.obs,212.0,
08NB005,2023-08-21,H.obs,2.154,
08NB005,2023-08-21,Q.obs,192.0,
08NB005,2023-08-22,H.obs,2.1,
08NB005,2023-08-22,Q.obs,184.0,
08NB005,2023-08-23,H.obs,2.149,
08NB005,2023-08-23,Q.obs,191.0,
08NB005,2023-08-24,Q.obs,186.0,
08NB005,2023-08-24,H.obs,2.115,
08NB005,2023-08-25,H.obs,2.025,
08NB005,2023-08-25,Q.obs,173.0,
08NB005,2023-08-26,Q.obs,168.0,
08NB005,2023-08-26,H.obs,1.983,
08NB005,2023-08-27,H.obs,1.98,
08NB005,2023-08-27,Q.obs,167.0,
08NB005,2023-08-28,H.obs,2.016,
08NB005,2023-08-28,Q.obs,172.0,
08NB005,2023-08-29,Q.obs,179.0,
08NB005,2023-08-29,H.obs,2.062,
08NB005,2023-08-30,Q.obs,184.0,
08NB005,2023-08-30,H.obs,2.1,
08NB005,2023-08-31,H.obs,2.14,
08NB005,2023-08-31,Q.obs,190.0,
08NB005,2023-09-01,Q.obs,194.0,
08NB005,2023-09-01,H.obs,2.17,
08NB005,2023-09-02,Q.obs,199.0,
08NB005,2023-09-02,H.obs,2.203,
08NB005,2023-09-03,Q.obs,198.0,
08NB005,2023-09-03,H.obs,2.198,
08NB005,2023-09-04,H.obs,2.148,
08NB005,2023-09-04,Q.obs,191.0,
08NB005,2023-09-05,Q.obs,179.0,
08NB005,2023-09-05,H.obs,2.062,
08NB005,2023-09-06,H.obs,2.039,
08NB005,2023-09-06,Q.obs,175.0,
08NB005,2023-09-07,H.obs,1.951,
08NB005,2023-09-07,Q.obs,163.0,
08NB005,2023-09-08,Q.obs,149.0,
08NB005,2023-09-08,H.obs,1.837,
08NB005,2023-09-09,Q.obs,136.0,
08NB005,2023-09-09,H.obs,1.735,
08NB005,2023-09-10,Q.obs,130.0,
08NB005,2023-09-10,H.obs,1.683,
08NB005,2023-09-11,Q.obs,129.0,
08NB005,2023-09-11,H.obs,1.679,
08NB005,2023-09-12,Q.obs,134.0,
08NB005,2023-09-12,H.obs,1.721,
08NB005,2023-09-13,Q.obs,140.0,
08NB005,2023-09-13,H.obs,1.768,
08NB005,2023-09-14,Q.obs,139.0,
08NB005,2023-09-14,H.obs,1.755,
08NB005,2023-09-15,H.obs,1.686,
08NB005,2023-09-15,Q.obs,130.0,
08NB005,2023-09-16,Q.obs,123.0,
08NB005,2023-09-16,H.obs,1.621,
08NB005,2023-09-17,Q.obs,122.0,
08NB005,2023-09-17,H.obs,1.611,
08NB005,2023-09-18,Q.obs,121.0,
08NB005,2023-09-18,H.obs,1.605,
08NB005,2023-09-19,H.obs,1.524,
08NB005,2023-09-19,Q.obs,112.0,
08NB005,2023-09-20,H.obs,1.405,
08NB005,2023-09-20,Q.obs,100.0,
08NB005,2023-09-21,Q.obs,86.6,
08NB005,2023-09-21,H.obs,1.265,
08NB005,2023-09-22,H.obs,1.166,
08NB005,2023-09-22,Q.obs,77.8,
08NB005,2023-09-23,Q.obs,74.2,
08NB005,2023-09-23,H.obs,1.124,
08NB005,2023-09-24,H.obs,1.179,
08NB005,2023-09-24,Q.obs,78.9,
08NB005,2023-09-25,Q.obs,85.1,
08NB005,2023-09-25,H.obs,1.249,
08NB005,2023-09-26,Q.obs,84.9,
08NB005,2023-09-26,H.obs,1.246,
08NB005,2023-09-27,H.obs,1.229,
08NB005,2023-09-27,Q.obs,83.3,
08NB005,2023-09-28,H.obs,1.282,
08NB005,2023-09-28,Q.obs,88.2,
08NB005,2023-09-29,H.obs,1.265,
08NB005,2023-09-29,Q.obs,86.6,
08NB005,2023-09-30,H.obs,1.19,
08NB005,2023-09-30,Q.obs,79.8,
08NB005,2023-10-01,H.obs,1.137,
08NB005,2023-10-01,Q.obs,75.3,
08NB005,2023-10-02,Q.obs,71.7,
08NB005,2023-10-02,H.obs,1.093,
08NB005,2023-10-03,Q.obs,69.3,
08NB005,2023-10-03,H.obs,1.064,
08NB005,2023-10-04,Q.obs,66.9,
08NB005,2023-10-04,H.obs,1.035,
08NB005,2023-10-05,H.obs,1.009,
08NB005,2023-10-05,Q.obs,65.0,
08NB005,2023-10-06,H.obs,0.978,
08NB005,2023-10-06,Q.obs,62.6,
08NB005,2023-10-07,Q.obs,61.3,
08NB005,2023-10-07,H.obs,0.961,
08NB005,2023-10-08,H.obs,0.944,
08NB005,2023-10-08,Q.obs,60.0,
08NB005,2023-10-09,H.obs,0.942,
08NB005,2023-10-09,Q.obs,59.9,
08NB005,2023-10-10,H.obs,0.958,
08NB005,2023-10-10,Q.obs,61.1,
08NB005,2023-10-11,H.obs,1.008,
08NB005,2023-10-11,Q.obs,64.9,
08NB005,2023-10-12,H.obs,1.036,
08NB005,2023-10-12,Q.obs,67.1,
08NB005,2023-10-13,H.obs,1.011,
08NB005,2023-10-13,Q.obs,65.1,
08NB005,2023-10-14,H.obs,0.962,
08NB005,2023-10-14,Q.obs,61.4,
08NB005,2023-10-15,H.obs,0.928,
08NB005,2023-10-15,Q.obs,58.9,
08NB005,2023-10-16,H.obs,0.909,
08NB005,2023-10-16,Q.obs,57.4,
08NB005,2023-10-17,H.obs,0.963,
08NB005,2023-10-17,Q.obs,61.5,
08NB005,2023-10-18,Q.obs,71.5,
08NB005,2023-10-18,H.obs,1.09,
08NB005,2023-10-19,Q.obs,98.5,
08NB005,2023-10-19,H.obs,1.387,
08NB005,2023-10-20,H.obs,1.815,
08NB005,2023-10-20,Q.obs,147.0,
08NB005,2023-10-21,H.obs,2.074,
08NB005,2023-10-21,Q.obs,180.0,
08NB005,2023-10-22,Q.obs,170.0,
08NB005,2023-10-22,H.obs,2.0,
08NB005,2023-10-23,Q.obs,146.0,
08NB005,2023-10-23,H.obs,1.815,
08NB005,2023-10-24,H.obs,1.621,
08NB005,2023-10-24,Q.obs,123.0,
08NB005,2023-10-25,H.obs,1.448,
08NB005,2023-10-25,Q.obs,104.0,
08NB005,2023-10-26,H.obs,1.321,
08NB005,2023-10-26,Q.obs,91.8,
08NB005,2023-10-27,H.obs,1.23,
08NB005,2023-10-27,Q.obs,83.4,
08NB005,2023-10-28,Q.obs,75.8,
08NB005,2023-10-28,H.obs,1.143,
08NB005,2023-10-29,H.obs,1.065,
08NB005,2023-10-29,Q.obs,69.4,
08NB005,2023-10-30,Q.obs,60.4,B
08NB005,2023-10-30,H.obs,0.967,
08NB005,2023-10-31,H.obs,0.931,
08NB005,2023-10-31,Q.obs,58.4,B
08NB005,2023-11-01,H.obs,0.93,
08NB005,2023-11-01,Q.obs,58.5,B
08NB005,2023-11-02,Q.obs,62.3,
08NB005,2023-11-02,H.obs,0.974,
08NB005,2023-11-03,Q.obs,65.6,
08NB005,2023-11-03,H.obs,1.017,
08NB005,2023-11-04,Q.obs,69.8,
08NB005,2023-11-04,H.obs,1.071,
08NB005,2023-11-05,H.obs,1.094,
08NB005,2023-11-05,Q.obs,71.8,
08NB005,2023-11-06,Q.obs,68.8,
08NB005,2023-11-06,H.obs,1.058,
08NB005,2023-11-07,H.obs,1.028,
08NB005,2023-11-07,Q.obs,66.4,
08NB005,2023-11-08,Q.obs,64.3,
08NB005,2023-11-08,H.obs,1.001,
08NB005,2023-11-09,Q.obs,61.6,
08NB005,2023-11-09,H.obs,0.965,
08NB005,2023-11-10,Q.obs,59.2,
08NB005,2023-11-10,H.obs,0.933,
08NB005,2023-11-11,H.obs,0.91,
08NB005,2023-11-11,Q.obs,57.6,
08NB005,2023-11-12,H.obs,0.908,
08NB005,2023-11-12,Q.obs,57.4,
08NB005,2023-11-13,H.obs,0.895,
08NB005,2023-11-13,Q.obs,56.4,
08NB005,2023-11-14,Q.obs,55.9,
08NB005,2023-11-14,H.obs,0.887,
08NB005,2023-11-15,H.obs,0.866,
08NB005,2023-11-15,Q.obs,54.4,
08NB005,2023-11-16,H.obs,0.836,
08NB005,2023-11-16,Q.obs,52.3,
08NB005,2023-11-17,H.obs,0.798,
08NB005,2023-11-17,Q.obs,48.1,B
08NB005,2023-11-18,Q.obs,41.4,B
08NB005,2023-11-18,H.obs,0.746,
08NB005,2023-11-19,Q.obs,40.3,B
08NB005,2023-11-19,H.obs,0.703,
08NB005,2023-11-20,Q.obs,38.0,B
08NB005,2023-11-20,H.obs,0.697,
08NB005,2023-11-21,Q.obs,34.7,B
08NB005,2023-11-21,H.obs,0.719,
08NB005,2023-11-22,Q.obs,32.6,B
08NB005,2023-11-22,H.obs,0.773,
08NB005,2023-11-23,H.obs,0.775,
08NB005,2023-11-23,Q.obs,30.1,B
08NB005,2023-11-24,H.obs,0.734,
08NB005,2023-11-24,Q.obs,26.5,B
08NB005,2023-11-25,Q.obs,23.5,B
08NB005,2023-11-25,H.obs,0.644,
08NB005,2023-11-26,H.obs,0.517,
08NB005,2023-11-26,Q.obs,23.6,B
08NB005,2023-11-27,H.obs,0.43,
08NB005,2023-11-27,Q.obs,24.2,B
08NB005,2023-11-28,H.obs,0.446,
08NB005,2023-11-28,Q.obs,25.4,B
08NB005,2023-11-29,Q.obs,26.0,B
08NB005,2023-11-29,H.obs,0.576,
08NB005,2023-11-30,H.obs,0.68,
08NB005,2023-11-30,Q.obs,26.4,B
08NB005,2023-12-01,Q.obs,26.7,B
08NB005,2023-12-01,H.obs,0.77,
08NB005,2023-12-02,H.obs,0.734,
08NB005,2023-12-02,Q.obs,27.4,B
08NB005,2023-12-03,Q.obs,28.5,B
08NB005,2023-12-03,H.obs,0.709,
08NB005,2023-12-04,H.obs,0.809,
08NB005,2023-12-04,Q.obs,29.9,B
08NB005,2023-12-05,Q.obs,31.3,B
08NB005,2023-12-05,H.obs,0.888,
08NB005,2023-12-06,H.obs,0.969,
08NB005,2023-12-06,Q.obs,32.5,B
08NB005,2023-12-07,H.obs,0.946,
08NB005,2023-12-07,Q.obs,33.6,B
08NB005,2023-12-08,H.obs,0.908,
08NB005,2023-12-08,Q.obs,34.4,B
08NB005,2023-12-09,Q.obs,34.2,B
08NB005,2023-12-09,H.obs,0.897,
08NB005,2023-12-10,H.obs,0.916,
08NB005,2023-12-10,Q.obs,34.0,B
08NB005,2023-12-11,H.obs,0.839,
08NB005,2023-12-11,Q.obs,33.9,B
08NB005,2023-12-12,Q.obs,33.8,B
08NB005,2023-12-12,H.obs,0.787,
08NB005,2023-12-13,Q.obs,33.6,B
08NB005,2023-12-13,H.obs,0.766,
08NB005,2023-12-14,Q.obs,33.5,B
08NB005,2023-12-14,H.obs,0.775,
08NB005,2023-12-15,H.obs,0.783,
08NB005,2023-12-15,Q.obs,33.3,B
08NB005,2023-12-16,Q.obs,32.9,B
08NB005,2023-12-16,H.obs,0.753,
08NB005,2023-12-17,Q.obs,32.4,B
08NB005,2023-12-17,H.obs,0.729,
08NB005,2023-12-18,H.obs,0.71,
08NB005,2023-12-18,Q.obs,32.0,B
08NB005,2023-12-19,Q.obs,31.5,B
08NB005,2023-12-19,H.obs,0.698,
08NB005,2023-12-20,H.obs,0.69,
08NB005,2023-12-20,Q.obs,31.0,B
08NB005,2023-12-21,Q.obs,30.4,B
08NB005,2023-12-21,H.obs,0.694,
08NB005,2023-12-22,Q.obs,29.8,B
08NB005,2023-12-22,H.obs,0.699,
08NB005,2023-12-23,H.obs,0.701,
08NB005,2023-12-23,Q.obs,28.8,B
08NB005,2023-12-24,Q.obs,25.5,B
08NB005,2023-12-24,H.obs,0.715,
08NB005,2023-12-25,Q.obs,21.9,B
08NB005,2023-12-25,H.obs,0.743,
08NB005,2023-12-26,H.obs,0.748,
08NB005,2023-12-26,Q.obs,20.3,B
08NB005,2023-12-27,Q.obs,20.8,B
08NB005,2023-12-27,H.obs,0.759,
08NB005,2023-12-28,H.obs,0.75,
08NB005,2023-12-28,Q.obs,23.9,B
08NB005,2023-12-29,H.obs,0.639,
08NB005,2023-12-29,Q.obs,26.9,B
08NB005,2023-12-30,Q.obs,29.6,B
08NB005,2023-12-30,H.obs,0.665,
08NB005,2023-12-31,Q.obs,31.5,B
08NB005,2023-12-31,H.obs,0.628,
08NB005,2024-01-01,Q.obs,31.8,B
08NB005,2024-01-01,H.obs,0.594,
08NB005,2024-01-02,Q.obs,31.9,B
08NB005,2024-01-02,H.obs,0.579,
08NB005,2024-01-03,Q.obs,31.7,B
08NB005,2024-01-03,H.obs,0.587,
08NB005,2024-01-04,Q.obs,31.3,B
08NB005,2024-01-04,H.obs,0.585,
08NB005,2024-01-05,Q.obs,30.7,B
08NB005,2024-01-05,H.obs,0.577,
08NB005,2024-01-06,Q.obs,30.0,B
08NB005,2024-01-06,H.obs,0.569,
08NB005,2024-01-07,Q.obs,29.4,B
08NB005,2024-01-07,H.obs,0.555,
08NB005,2024-01-08,H.obs,0.55,
08NB005,2024-01-08,Q.obs,28.6,B
08NB005,2024-01-09,Q.obs,28.0,B
08NB005,2024-01-09,H.obs,0.797,
08NB005,2024-01-10,H.obs,0.887,
08NB005,2024-01-10,Q.obs,27.3,B
08NB005,2024-01-11,H.obs,0.674,
08NB005,2024-01-11,Q.obs,25.7,B
08NB005,2024-01-12,H.obs,0.616,
08NB005,2024-01-12,Q.obs,23.9,B
08NB005,2024-01-13,H.obs,0.769,
08NB005,2024-01-13,Q.obs,22.3,B
08NB005,2024-01-14,Q.obs,21.3,B
08NB005,2024-01-14,H.obs,0.729,
08NB005,2024-01-15,H.obs,0.75,
08NB005,2024-01-15,Q.obs,21.9,B
08NB005,2024-01-16,H.obs,0.813,
08NB005,2024-01-16,Q.obs,23.3,B
08NB005,2024-01-17,Q.obs,24.4,B
08NB005,2024-01-17,H.obs,0.889,
08NB005,2024-01-18,Q.obs,25.4,B
08NB005,2024-01-18,H.obs,0.961,
08NB005,2024-01-19,Q.obs,26.4,B
08NB005,2024-01-19,H.obs,0.995,
08NB005,2024-01-20,Q.obs,27.5,B
08NB005,2024-01-20,H.obs,1.023,
08NB005,2024-01-21,Q.obs,28.6,B
08NB005,2024-01-21,H.obs,1.046,
08NB005,2024-01-22,H.obs,1.029,
08NB005,2024-01-22,Q.obs,29.8,B
08NB005,2024-01-23,H.obs,1.008,
08NB005,2024-01-23,Q.obs,30.9,B
08NB005,2024-01-24,Q.obs,31.8,B
08NB005,2024-01-24,H.obs,0.989,
08NB005,2024-01-25,H.obs,0.966,
08NB005,2024-01-25,Q.obs,32.5,B
08NB005,2024-01-26,Q.obs,33.2,B
08NB005,2024-01-26,H.obs,0.943,
08NB005,2024-01-27,H.obs,0.923,
08NB005,2024-01-27,Q.obs,33.7,B
08NB005,2024-01-28,H.obs,0.926,
08NB005,2024-01-28,Q.obs,33.9,B
08NB005,2024-01-29,H.obs,0.93,
08NB005,2024-01-29,Q.obs,34.0,B
08NB005,2024-01-30,Q.obs,33.8,B
08NB005,2024-01-30,H.obs,0.948,
08NB005,2024-01-31,Q.obs,34.0,B
08NB005,2024-01-31,H.obs,0.982,
08NB005,2024-02-01,Q.obs,34.2,B
08NB005,2024-02-01,H.obs,0.987,
08NB005,2024-02-02,Q.obs,34.3,B
08NB005,2024-02-02,H.obs,0.978,
08NB005,2024-02-03,Q.obs,34.5,B
08NB005,2024-02-03,H.obs,0.975,
08NB005,2024-02-04,Q.obs,34.7,B
08NB005,2024-02-04,H.obs,0.971,
08NB005,2024-02-05,Q.obs,34.8,B
08NB005,2024-02-05,H.obs,0.96,
08NB005,2024-02-06,H.obs,0.93,
08NB005,2024-02-06,Q.obs,34.5,B
08NB005,2024-02-07,Q.obs,34.0,B
08NB005,2024-02-07,H.obs,0.886,
08NB005,2024-02-08,Q.obs,33.4,B
08NB005,2024-02-08,H.obs,0.741,
08NB005,2024-02-09,Q.obs,32.8,B
08NB005,2024-02-09,H.obs,0.637,
08NB005,2024-02-10,Q.obs,32.0,B
08NB005,2024-02-10,H.obs,0.623,
08NB005,2024-02-11,Q.obs,31.5,B
08NB005,2024-02-11,H.obs,0.58,
08NB005,2024-02-12,Q.obs,30.9,B
08NB005,2024-02-12,H.obs,0.555,
08NB005,2024-02-13,H.obs,0.527,
08NB005,2024-02-13,Q.obs,30.0,B
08NB005,2024-02-14,Q.obs,28.2,B
08NB005,2024-02-14,H.obs,0.615,
08NB005,2024-02-15,H.obs,0.725,
08NB005,2024-02-15,Q.obs,26.5,B
08NB005,2024-02-16,Q.obs,24.3,B
08NB005,2024-02-16,H.obs,0.669,
08NB005,2024-02-17,Q.obs,22.8,B
08NB005,2024-02-17,H.obs,0.592,
08NB005,2024-02-18,H.obs,0.564,
08NB005,2024-02-18,Q.obs,22.8,B
08NB005,2024-02-19,Q.obs,23.9,B
08NB005,2024-02-19,H.obs,0.613,
08NB005,2024-02-20,Q.obs,24.9,B
08NB005,2024-02-20,H.obs,0.651,
08NB005,2024-02-21,H.obs,0.683,
08NB005,2024-02-21,Q.obs,26.0,B
08NB005,2024-02-22,Q.obs,27.2,B
08NB005,2024-02-22,H.obs,0.685,
08NB005,2024-02-23,Q.obs,28.3,B
08NB005,2024-02-23,H.obs,0.631,
08NB005,2024-02-24,Q.obs,28.6,B
08NB005,2024-02-24,H.obs,0.573,
08NB005,2024-02-25,H.obs,0.543,
08NB005,2024-02-25,Q.obs,28.7,B
08NB005,2024-02-26,H.obs,0.543,
08NB005,2024-02-26,Q.obs,28.8,B
08NB005,2024-02-27,Q.obs,28.8,B
08NB005,2024-02-27,H.obs,0.547,
08NB005,2024-02-28,H.obs,0.519,
08NB005,2024-02-28,Q.obs,27.9,B
08NB005,2024-02-29,H.obs,0.621,
08NB005,2024-02-29,Q.obs,27.1,B
08NB005,2024-03-01,H.obs,0.595,
08NB005,2024-03-01,Q.obs,26.3,B
08NB005,2024-03-02,H.obs,0.628,
08NB005,2024-03-02,Q.obs,26.4,B
08NB005,2024-03-03,Q.obs,26.6,B
08NB005,2024-03-03,H.obs,0.642,
08NB005,2024-03-04,Q.obs,26.7,B
08NB005,2024-03-04,H.obs,0.616,
08NB005,2024-03-05,Q.obs,26.5,B
08NB005,2024-03-05,H.obs,0.605,
08NB005,2024-03-06,Q.obs,26.3,B
08NB005,2024-03-06,H.obs,0.63,
08NB005,2024-03-07,Q.obs,26.0,B
08NB005,2024-03-07,H.obs,0.585,
08NB005,2024-03-08,H.obs,0.556,
08NB005,2024-03-08,Q.obs,25.8,B
08NB005,2024-03-09,Q.obs,25.7,B
08NB005,2024-03-09,H.obs,0.549,
08NB005,2024-03-10,H.obs,0.536,
08NB005,2024-03-10,Q.obs,27.7,B
08NB005,2024-03-11,Q.obs,29.1,B
08NB005,2024-03-11,H.obs,0.495,
08NB005,2024-03-12,Q.obs,31.4,B
08NB005,2024-03-12,H.obs,0.504,
08NB005,2024-03-13,Q.obs,34.8,B
08NB005,2024-03-13,H.obs,0.549,
08NB005,2024-03-14,Q.obs,36.4,B
08NB005,2024-03-14,H.obs,0.599,
08NB005,2024-03-15,Q.obs,37.8,
08NB005,2024-03-15,H.obs,0.602,
08NB005,2024-03-16,H.obs,0.614,
08NB005,2024-03-16,Q.obs,38.4,B
08NB005,2024-03-17,Q.obs,41.9,
08NB005,2024-03-17,H.obs,0.672,
08NB005,2024-03-18,H.obs,0.725,
08NB005,2024-03-18,Q.obs,45.1,
08NB005,2024-03-19,H.obs,0.729,
08NB005,2024-03-19,Q.obs,45.4,
08NB005,2024-03-20,Q.obs,45.4,
08NB005,2024-03-20,H.obs,0.73,
08NB005,2024-03-21,Q.obs,45.1,
08NB005,2024-03-21,H.obs,0.725,
08NB005,2024-03-22,H.obs,0.717,
08NB005,2024-03-22,Q.obs,44.6,
08NB005,2024-03-23,H.obs,0.707,
08NB005,2024-03-23,Q.obs,44.0,
08NB005,2024-03-24,Q.obs,42.4,
08NB005,2024-03-24,H.obs,0.68,
08NB005,2024-03-25,Q.obs,41.1,
08NB005,2024-03-25,H.obs,0.659,
08NB005,2024-03-26,Q.obs,39.8,
08NB005,2024-03-26,H.obs,0.637,
08NB005,2024-03-27,Q.obs,39.0,
08NB005,2024-03-27,H.obs,0.623,
08NB005,2024-03-28,Q.obs,39.0,
08NB005,2024-03-28,H.obs,0.623,
08NB005,2024-03-29,H.obs,0.622,
08NB005,2024-03-29,Q.obs,38.9,
08NB005,2024-03-30,H.obs,0.606,
08NB005,2024-03-30,Q.obs,38.0,
08NB005,2024-03-31,H.obs,0.592,
08NB005,2024-03-31,Q.obs,37.2,
08NB005,2024-04-01,H.obs,0.586,
08NB005,2024-04-01,Q.obs,36.9,
08NB005,2024-04-02,Q.obs,38.0,
08NB005,2024-04-02,H.obs,0.605,
08NB005,2024-04-03,H.obs,0.651,
08NB005,2024-04-03,Q.obs,40.6,
08NB005,2024-04-04,Q.obs,45.3,
08NB005,2024-04-04,H.obs,0.728,
08NB005,2024-04-05,Q.obs,47.6,
08NB005,2024-04-05,H.obs,0.765,
08NB005,2024-04-06,H.obs,0.794,
08NB005,2024-04-06,Q.obs,49.5,
08NB005,2024-04-07,Q.obs,49.0,
08NB005,2024-04-07,H.obs,0.786,
08NB005,2024-04-08,Q.obs,48.2,
08NB005,2024-04-08,H.obs,0.774,
08NB005,2024-04-09,H.obs,0.767,
08NB005,2024-04-09,Q.obs,47.8,
08NB005,2024-04-10,H.obs,0.753,
08NB005,2024-04-10,Q.obs,46.9,
08NB005,2024-04-11,H.obs,0.746,
08NB005,2024-04-11,Q.obs,46.4,
08NB005,2024-04-12,H.obs,0.727,
08NB005,2024-04-12,Q.obs,45.2,
08NB005,2024-04-13,H.obs,0.732,
08NB005,2024-04-13,Q.obs,45.6,
08NB005,2024-04-14,H.obs,0.752,
08NB005,2024-04-14,Q.obs,46.8,
08NB005,2024-04-15,H.obs,0.794,
08NB005,2024-04-15,Q.obs,49.6,
08NB005,2024-04-16,H.obs,0.841,
08NB005,2024-04-16,Q.obs,52.7,
08NB005,2024-04-17,Q.obs,54.9,
08NB005,2024-04-17,H.obs,0.872,
08NB005,2024-04-18,Q.obs,54.2,
08NB005,2024-04-18,H.obs,0.863,
08NB005,2024-04-19,H.obs,0.839,
08NB005,2024-04-19,Q.obs,52.5,
08NB005,2024-04-20,H.obs,0.809,
08NB005,2024-04-20,Q.obs,50.5,
08NB005,2024-04-21,Q.obs,49.6,
08NB005,2024-04-21,H.obs,0.795,
08NB005,2024-04-22,Q.obs,48.8,
08NB005,2024-04-22,H.obs,0.782,
08NB005,2024-04-23,Q.obs,48.9,
08NB005,2024-04-23,H.obs,0.784,
08NB005,2024-04-24,Q.obs,49.4,
08NB005,2024-04-24,H.obs,0.793,
08NB005,2024-04-25,Q.obs,50.2,
08NB005,2024-04-25,H.obs,0.805,
08NB005,2024-04-26,Q.obs,53.9,
08NB005,2024-04-26,H.obs,0.859,
08NB005,2024-04-27,H.obs,0.934,
08NB005,2024-04-27,Q.obs,59.3,
08NB005,2024-04-28,H.obs,1.017,
08NB005,2024-04-28,Q.obs,65.6,
08NB005,2024-04-29,H.obs,1.077,
08NB005,2024-04-29,Q.obs,70.4,
08NB005,2024-04-30,Q.obs,72.0,
08NB005,2024-04-30,H.obs,1.097,
08NB005,2024-05-01,H.obs,1.079,
08NB005,2024-05-01,Q.obs,70.5,
08NB005,2024-05-02,H.obs,1.044,
08NB005,2024-05-02,Q.obs,67.7,
08NB005,2024-05-03,H.obs,1.024,
08NB005,2024-05-03,Q.obs,66.1,
08NB005,2024-05-04,H.obs,1.014,
08NB005,2024-05-04,Q.obs,65.3,
08NB005,2024-05-05,Q.obs,66.6,
08NB005,2024-05-05,H.obs,1.03,
08NB005,2024-05-06,Q.obs,72.2,
08NB005,2024-05-06,H.obs,1.1,
08NB005,2024-05-07,Q.obs,80.4,
08NB005,2024-05-07,H.obs,1.196,
08NB005,2024-05-08,H.obs,1.247,
08NB005,2024-05-08,Q.obs,84.9,
08NB005,2024-05-09,H.obs,1.277,
08NB005,2024-05-09,Q.obs,87.7,
08NB005,2024-05-10,H.obs,1.345,
08NB005,2024-05-10,Q.obs,94.1,
08NB005,2024-05-11,H.obs,1.557,
08NB005,2024-05-11,Q.obs,116.0,
08NB005,2024-05-12,H.obs,1.912,
08NB005,2024-05-12,Q.obs,159.0,
08NB005,2024-05-13,Q.obs,209.0,
08NB005,2024-05-13,H.obs,2.269,
08NB005,2024-05-14,H.obs,2.542,
08NB005,2024-05-14,Q.obs,253.0,
08NB005,2024-05-15,H.obs,2.631,
08NB005,2024-05-15,Q.obs,269.0,
08NB005,2024-05-16,H.obs,2.727,
08NB005,2024-05-16,Q.obs,287.0,
08NB005,2024-05-17,H.obs,2.927,
08NB005,2024-05-17,Q.obs,325.0,
08NB005,2024-05-18,Q.obs,312.0,
08NB005,2024-05-18,H.obs,2.861,
08NB005,2024-05-19,H.obs,2.775,
08NB005,2024-05-19,Q.obs,295.0,
08NB005,2024-05-20,Q.obs,275.0,
08NB005,2024-05-20,H.obs,2.666,
08NB005,2024-05-21,H.obs,2.537,
08NB005,2024-05-21,Q.obs,253.0,
08NB005,2024-05-22,H.obs,2.411,
08NB005,2024-05-22,Q.obs,232.0,
08NB005,2024-05-23,H.obs,2.326,
08NB005,2024-05-23,Q.obs,218.0,
08NB005,2024-05-24,Q.obs,211.0,
08NB005,2024-05-24,H.obs,2.283,
08NB005,2024-05-25,Q.obs,213.0,
08NB005,2024-05-25,H.obs,2.293,
08NB005,2024-05-26,Q.obs,221.0,
08NB005,2024-05-26,H.obs,2.343,
08NB005,2024-05-27,Q.obs,220.0,
08NB005,2024-05-27,H.obs,2.34,
08NB005,2024-05-28,H.obs,2.34,
08NB005,2024-05-28,Q.obs,220.0,
08NB005,2024-05-29,H.obs,2.488,
08NB005,2024-05-29,Q.obs,244.0,
08NB005,2024-05-30,Q.obs,256.0,
08NB005,2024-05-30,H.obs,2.558,
08NB005,2024-05-31,Q.obs,250.0,
08NB005,2024-05-31,H.obs,2.524,
08NB005,2024-06-01,Q.obs,241.0,
08NB005,2024-06-01,H.obs,2.468,
08NB005,2024-06-02,H.obs,2.4,
08NB005,2024-06-02,Q.obs,230.0,
08NB005,2024-06-03,H.obs,2.397,
08NB005,2024-06-03,Q.obs,229.0,
08NB005,2024-06-04,H.obs,2.526,
08NB005,2024-06-04,Q.obs,251.0,
08NB005,2024-06-05,H.obs,2.543,
08NB005,2024-06-05,Q.obs,254.0,
08NB005,2024-06-06,Q.obs,246.0,
08NB005,2024-06-06,H.obs,2.496,
08NB005,2024-06-07,Q.obs,238.0,
08NB005,2024-06-07,H.obs,2.454,
08NB005,2024-06-08,Q.obs,241.0,
08NB005,2024-06-08,H.obs,2.469,
08NB005,2024-06-09,Q.obs,256.0,
08NB005,2024-06-09,H.obs,2.558,
08NB005,2024-06-10,Q.obs,282.0,
08NB005,2024-06-10,H.obs,2.7,
08NB005,2024-06-11,Q.obs,314.0,
08NB005,2024-06-11,H.obs,2.873,
08NB005,2024-06-12,Q.obs,356.0,
08NB005,2024-06-12,H.obs,3.078,
08NB005,2024-06-13,H.obs,3.031,
08NB005,2024-06-13,Q.obs,346.0,
08NB005,2024-06-14,H.obs,3.023,
08NB005,2024-06-14,Q.obs,344.0,
08NB005,2024-06-15,H.obs,3.061,
08NB005,2024-06-15,Q.obs,352.0,
08NB005,2024-06-16,H.obs,3.061,
08NB005,2024-06-16,Q.obs,352.0,
08NB005,2024-06-17,H.obs,3.013,
08NB005,2024-06-17,Q.obs,342.0,
08NB005,2024-06-18,H.obs,2.956,
08NB005,2024-06-18,Q.obs,331.0,
08NB005,2024-06-19,H.obs,2.878,
08NB005,2024-06-19,Q.obs,315.0,
08NB005,2024-06-20,H.obs,2.792,
08NB005,2024-06-20,Q.obs,299.0,
08NB005,2024-06-21,H.obs,2.757,
08NB005,2024-06-21,Q.obs,292.0,
08NB005,2024-06-22,Q.obs,303.0,
08NB005,2024-06-22,H.obs,2.815,
08NB005,2024-06-23,H.obs,2.924,
08NB005,2024-06-23,Q.obs,324.0,
08NB005,2024-06-24,Q.obs,360.0,
08NB005,2024-06-24,H.obs,3.098,
08NB005,2024-06-25,Q.obs,358.0,
08NB005,2024-06-25,H.obs,3.088,
08NB005,2024-06-26,Q.obs,371.0,
08NB005,2024-06-26,H.obs,3.149,
08NB005,2024-06-27,H.obs,3.283,
08NB005,2024-06-27,Q.obs,400.0,
08NB005,2024-06-28,H.obs,3.42,
08NB005,2024-06-28,Q.obs,432.0,
08NB005,2024-06-29,Q.obs,439.0,
08NB005,2024-06-29,H.obs,3.449,
08NB005,2024-06-30,H.obs,3.48,
08NB005,2024-06-30,Q.obs,446.0,
08NB005,2024-07-01,H.obs,3.535,
08NB005,2024-07-01,Q.obs,460.0,
08NB005,2024-07-02,H.obs,3.638,
08NB005,2024-07-02,Q.obs,485.0,
08NB005,2024-07-03,H.obs,3.599,
08NB005,2024-07-03,Q.obs,475.0,
08NB005,2024-07-04,H.obs,3.496,
08NB005,2024-07-04,Q.obs,450.0,
08NB005,2024-07-05,H.obs,3.498,
08NB005,2024-07-05,Q.obs,450.0,
08NB005,2024-07-06,Q.obs,465.0,
08NB005,2024-07-06,H.obs,3.556,
08NB005,2024-07-07,Q.obs,473.0,
08NB005,2024-07-07,H.obs,3.591,
08NB005,2024-07-08,Q.obs,489.0,
08NB005,2024-07-08,H.obs,3.654,
08NB005,2024-07-09,Q.obs,510.0,
08NB005,2024-07-09,H.obs,3.737,
08NB005,2024-07-10,H.obs,3.79,
08NB005,2024-07-10,Q.obs,524.0,
08NB005,2024-07-11,H.obs,3.812,
08NB005,2024-07-11,Q.obs,530.0,
08NB005,2024-07-12,H.obs,3.753,
08NB005,2024-07-12,Q.obs,515.0,
08NB005,2024-07-13,Q.obs,493.0,
08NB005,2024-07-13,H.obs,3.671,
08NB005,2024-07-14,Q.obs,483.0,
08NB005,2024-07-14,H.obs,3.629,
08NB005,2024-07-15,Q.obs,479.0,
08NB005,2024-07-15,H.obs,3.612,
08NB005,2024-07-16,Q.obs,480.0,
08NB005,2024-07-16,H.obs,3.62,
08NB005,2024-07-17,Q.obs,475.0,
08NB005,2024-07-17,H.obs,3.6,
08NB005,2024-07-18,Q.obs,468.0,
08NB005,2024-07-18,H.obs,3.571,
08NB005,2024-07-19,H.obs,3.555,
08NB005,2024-07-19,Q.obs,464.0,
08NB005,2024-07-20,H.obs,3.527,
08NB005,2024-07-20,Q.obs,457.0,
08NB005,2024-07-21,Q.obs,446.0,
08NB005,2024-07-21,H.obs,3.481,
08NB005,2024-07-22,Q.obs,440.0,
08NB005,2024-07-22,H.obs,3.454,
08NB005,2024-07-23,H.obs,3.436,
08NB005,2024-07-23,Q.obs,436.0,
08NB005,2024-07-24,Q.obs,420.0,
08NB005,2024-07-24,H.obs,3.367,
08NB005,2024-07-25,H.obs,3.288,
08NB005,2024-07-25,Q.obs,401.0,
08NB005,2024-07-26,H.obs,3.192,
08NB005,2024-07-26,Q.obs,380.0,
08NB005,2024-07-27,Q.obs,347.0,
08NB005,2024-07-27,H.obs,3.036,
08NB005,2024-07-28,H.obs,2.959,
08NB005,2024-07-28,Q.obs,331.0,
08NB005,2024-07-29,H.obs,2.899,
08NB005,2024-07-29,Q.obs,319.0,
08NB005,2024-07-30,Q.obs,307.0,
08NB005,2024-07-30,H.obs,2.835,
08NB005,2024-07-31,Q.obs,295.0,
08NB005,2024-07-31,H.obs,2.774,
08NB005,2024-08-01,H.obs,2.725,
08NB005,2024-08-01,Q.obs,286.0,
08NB005,2024-08-02,Q.obs,290.0,
08NB005,2024-08-02,H.obs,2.748,
08NB005,2024-08-03,Q.obs,291.0,
08NB005,2024-08-03,H.obs,2.752,
08NB005,2024-08-04,Q.obs,291.0,
08NB005,2024-08-04,H.obs,2.751,
08NB005,2024-08-05,Q.obs,305.0,
08NB005,2024-08-05,H.obs,2.824,
08NB005,2024-08-06,Q.obs,318.0,
08NB005,2024-08-06,H.obs,2.891,
08NB005,2024-08-07,H.obs,2.808,
08NB005,2024-08-07,Q.obs,302.0,
08NB005,2024-08-08,H.obs,2.716,
08NB005,2024-08-08,Q.obs,284.0,
08NB005,2024-08-09,Q.obs,273.0,
08NB005,2024-08-09,H.obs,2.652,
08NB005,2024-08-10,Q.obs,265.0,
08NB005,2024-08-10,H.obs,2.609,
08NB005,2024-08-11,Q.obs,254.0,
08NB005,2024-08-11,H.obs,2.546,
08NB005,2024-08-12,Q.obs,246.0,
08NB005,2024-08-12,H.obs,2.496,
08NB005,2024-08-13,Q.obs,237.0,
08NB005,2024-08-13,H.obs,2.445,
08NB005,2024-08-14,Q.obs,231.0,
08NB005,2024-08-14,H.obs,2.406,
08NB005,2024-08-15,Q.obs,228.0,
08NB005,2024-08-15,H.obs,2.391,
08NB005,2024-08-16,Q.obs,236.0,
08NB005,2024-08-16,H.obs,2.437,
08NB005,2024-08-17,Q.obs,266.0,
08NB005,2024-08-17,H.obs,2.613,
08NB005,2024-08-18,Q.obs,259.0,
08NB005,2024-08-18,H.obs,2.575,
08NB005,2024-08-19,Q.obs,256.0,
08NB005,2024-08-19,H.obs,2.558,
08NB005,2024-08-20,H.obs,2.525,
08NB005,2024-08-20,Q.obs,250.0,
08NB005,2024-08-21,Q.obs,232.0,
08NB005,2024-08-21,H.obs,2.411,
08NB005,2024-08-22,Q.obs,219.0,
08NB005,2024-08-22,H.obs,2.331,
08NB005,2024-08-23,H.obs,2.305,
08NB005,2024-08-23,Q.obs,215.0,
08NB005,2024-08-24,Q.obs,248.0,
08NB005,2024-08-24,H.obs,2.504,
08NB005,2024-08-25,H.obs,2.498,
08NB005,2024-08-25,Q.obs,246.0,
08NB005,2024-08-26,Q.obs,228.0,
08NB005,2024-08-26,H.obs,2.389,
08NB005,2024-08-27,H.obs,2.379,
08NB005,2024-08-27,Q.obs,227.0,
08NB005,2024-08-28,H.obs,2.564,
08NB005,2024-08-28,Q.obs,257.0,
08NB005,2024-08-29,Q.obs,236.0,
08NB005,2024-08-29,H.obs,2.44,
08NB005,2024-08-30,Q.obs,219.0,
08NB005,2024-08-30,H.obs,2.332,
08NB005,2024-08-31,H.obs,2.248,
08NB005,2024-08-31,Q.obs,206.0,
08NB005,2024-09-01,Q.obs,208.0,
08NB005,2024-09-01,H.obs,2.266,
08NB005,2024-09-02,Q.obs,215.0,
08NB005,2024-09-02,H.obs,2.306,
08NB005,2024-09-03,Q.obs,219.0,
08NB005,2024-09-03,H.obs,2.333,
08NB005,2024-09-04,H.obs,2.313,
08NB005,2024-09-04,Q.obs,216.0,
08NB005,2024-09-05,H.obs,2.286,
08NB005,2024-09-05,Q.obs,212.0,
08NB005,2024-09-06,Q.obs,206.0,
08NB005,2024-09-06,H.obs,2.251,
08NB005,2024-09-07,Q.obs,202.0,
08NB005,2024-09-07,H.obs,2.223,
08NB005,2024-09-08,H.obs,2.202,
08NB005,2024-09-08,Q.obs,199.0,
08NB005,2024-09-09,H.obs,2.159,
08NB005,2024-09-09,Q.obs,193.0,
08NB005,2024-09-10,H.obs,2.122,
08NB005,2024-09-10,Q.obs,187.0,
08NB005,2024-09-11,H.obs,2.043,
08NB005,2024-09-11,Q.obs,176.0,
08NB005,2024-09-12,H.obs,1.996,
08NB005,2024-09-12,Q.obs,170.0,
08NB005,2024-09-13,Q.obs,163.0,
08NB005,2024-09-13,H.obs,1.945,
08NB005,2024-09-14,H.obs,1.888,
08NB005,2024-09-14,Q.obs,155.0,
08NB005,2024-09-15,Q.obs,151.0,
08NB005,2024-09-15,H.obs,1.856,
08NB005,2024-09-16,Q.obs,142.0,
08NB005,2024-09-16,H.obs,1.782,
08NB005,2024-09-17,Q.obs,132.0,
08NB005,2024-09-17,H.obs,1.697,
08NB005,2024-09-18,Q.obs,124.0,
08NB005,2024-09-18,H.obs,1.627,
08NB005,2024-09-19,Q.obs,120.0,
08NB005,2024-09-19,H.obs,1.593,
08NB005,2024-09-20,H.obs,1.59,
08NB005,2024-09-20,Q.obs,119.0,
08NB005,2024-09-21,H.obs,1.537,
08NB005,2024-09-21,Q.obs,114.0,
08NB005,2024-09-22,H.obs,1.448,
08NB005,2024-09-22,Q.obs,104.0,
08NB005,2024-09-23,H.obs,1.409,
08NB005,2024-09-23,Q.obs,100.0,
08NB005,2024-09-24,H.obs,1.474,
08NB005,2024-09-24,Q.obs,107.0,
08NB005,2024-09-25,H.obs,1.704,
08NB005,2024-09-25,Q.obs,133.0,
08NB005,2024-09-26,H.obs,2.003,
08NB005,2024-09-26,Q.obs,171.0,
08NB005,2024-09-27,Q.obs,171.0,
08NB005,2024-09-27,H.obs,2.007,
08NB005,2024-09-28,Q.obs,157.0,
08NB005,2024-09-28,H.obs,1.905,
08NB005,2024-09-29,Q.obs,139.0,
08NB005,2024-09-29,H.obs,1.756,
08NB005,2024-09-30,Q.obs,125.0,
08NB005,2024-09-30,H.obs,1.636,
08NB005,2024-10-01,Q.obs,118.0,
08NB005,2024-10-01,H.obs,1.576,
08NB005,2024-10-02,Q.obs,113.0,
08NB005,2024-10-02,H.obs,1.527,
08NB005,2024-10-03,Q.obs,106.0,
08NB005,2024-10-03,H.obs,1.468,
08NB005,2024-10-04,H.obs,1.446,
08NB005,2024-10-04,Q.obs,104.0,
08NB005,2024-10-05,Q.obs,98.2,
08NB005,2024-10-05,H.obs,1.388,
08NB005,2024-10-06,Q.obs,93.5,
08NB005,2024-10-06,H.obs,1.338,
08NB005,2024-10-07,Q.obs,90.6,
08NB005,2024-10-07,H.obs,1.308,
08NB005,2024-10-08,Q.obs,89.4,
08NB005,2024-10-08,H.obs,1.296,
08NB005,2024-10-09,H.obs,1.392,
08NB005,2024-10-09,Q.obs,98.9,
08NB005,2024-10-10,Q.obs,122.0,
08NB005,2024-10-10,H.obs,1.609,
08NB005,2024-10-11,H.obs,1.657,
08NB005,2024-10-11,Q.obs,127.0,
08NB005,2024-10-12,Q.obs,118.0,
08NB005,2024-10-12,H.obs,1.575,
08NB005,2024-10-13,Q.obs,106.0,
08NB005,2024-10-13,H.obs,1.466,
08NB005,2024-10-14,H.obs,1.395,
08NB005,2024-10-14,Q.obs,99.0,
08NB005,2024-10-15,H.obs,1.374,
08NB005,2024-10-15,Q.obs,96.9,
08NB005,2024-10-16,H.obs,1.491,
08NB005,2024-10-16,Q.obs,109.0,
08NB005,2024-10-17,H.obs,1.64,
08NB005,2024-10-17,Q.obs,125.0,
08NB005,2024-10-18,H.obs,1.666,
08NB005,2024-10-18,Q.obs,128.0,
08NB005,2024-10-19,Q.obs,121.0,
08NB005,2024-10-19,H.obs,1.607,
08NB005,2024-10-20,H.obs,1.627,
08NB005,2024-10-20,Q.obs,124.0,
08NB005,2024-10-21,Q.obs,163.0,
08NB005,2024-10-21,H.obs,1.945,
08NB005,2024-10-22,Q.obs,202.0,
08NB005,2024-10-22,H.obs,2.225,
08NB005,2024-10-23,Q.obs,205.0,
08NB005,2024-10-23,H.obs,2.242,
08NB005,2024-10-24,Q.obs,190.0,
08NB005,2024-10-24,H.obs,2.138,
08NB005,2024-10-25,Q.obs,165.0,
08NB005,2024-10-25,H.obs,1.965,
08NB005,2024-10-26,Q.obs,146.0,
08NB005,2024-10-26,H.obs,1.814,
08NB005,2024-10-27,Q.obs,139.0,
08NB005,2024-10-27,H.obs,1.761,
08NB005,2024-10-28,H.obs,1.817,
08NB005,2024-10-28,Q.obs,146.0,
08NB005,2024-10-29,Q.obs,146.0,
08NB005,2024-10-29,H.obs,1.814,
08NB005,2024-10-30,Q.obs,137.0,
08NB005,2024-10-30,H.obs,1.741,
08NB005,2024-10-31,H.obs,1.645,
08NB005,2024-10-31,Q.obs,126.0,
08NB005,2024-11-01,Q.obs,118.0,
08NB005,2024-11-01,H.obs,1.577,
08NB005,2024-11-02,Q.obs,113.0,
08NB005,2024-11-02,H.obs,1.53,
08NB005,2024-11-03,Q.obs,108.0,
08NB005,2024-11-03,H.obs,1.485,
08NB005,2024-11-04,H.obs,1.445,
08NB005,2024-11-04,Q.obs,104.0,
08NB005,2024-11-05,Q.obs,99.9,
08NB005,2024-11-05,H.obs,1.404,
08NB005,2024-11-06,Q.obs,96.1,
08NB005,2024-11-06,H.obs,1.365,
08NB005,2024-11-07,Q.obs,92.6,
08NB005,2024-11-07,H.obs,1.33,
08NB005,2024-11-08,Q.obs,88.9,
08NB005,2024-11-08,H.obs,1.29,
08NB005,2024-11-09,Q.obs,87.5,
08NB005,2024-11-09,H.obs,1.275,
08NB005,2024-11-10,H.obs,1.273,
08NB005,2024-11-10,Q.obs,87.3,
08NB005,2024-11-11,Q.obs,87.0,
08NB005,2024-11-11,H.obs,1.269,
08NB005,2024-11-12,Q.obs,87.2,
08NB005,2024-11-12,H.obs,1.272,
08NB005,2024-11-13,Q.obs,85.2,
08NB005,2024-11-13,H.obs,1.25,
08NB005,2024-11-14,Q.obs,83.5,
08NB005,2024-11-14,H.obs,1.232,
08NB005,2024-11-15,H.obs,1.207,
08NB005,2024-11-15,Q.obs,81.4,
08NB005,2024-11-16,H.obs,1.177,
08NB005,2024-11-16,Q.obs,78.7,
08NB005,2024-11-17,H.obs,1.142,
08NB005,2024-11-17,Q.obs,75.8,
08NB005,2024-11-18,H.obs,1.108,
08NB005,2024-11-18,Q.obs,72.9,
08NB005,2024-11-19,Q.obs,72.5,
08NB005,2024-11-19,H.obs,1.104,
08NB005,2024-11-20,Q.obs,68.4,
08NB005,2024-11-20,H.obs,1.052,
08NB005,2024-11-21,H.obs,0.976,
08NB005,2024-11-21,Q.obs,62.4,
08NB005,2024-11-22,H.obs,0.972,
08NB005,2024-11-22,Q.obs,62.1,
08NB005,2024-11-23,Q.obs,63.1,B
08NB005,2024-11-23,H.obs,0.986,
08NB005,2024-11-24,H.obs,0.998,
08NB005,2024-11-24,Q.obs,58.0,B
08NB005,2024-11-25,H.obs,1.01,
08NB005,2024-11-25,Q.obs,55.3,B
08NB005,2024-11-26,H.obs,0.923,
08NB005,2024-11-26,Q.obs,53.7,B
08NB005,2024-11-27,Q.obs,48.0,B
08NB005,2024-11-27,H.obs,0.88,
08NB005,2024-11-28,H.obs,0.825,
08NB005,2024-11-28,Q.obs,45.1,B
08NB005,2024-11-29,H.obs,0.778,
08NB005,2024-11-29,Q.obs,44.3,B
08NB005,2024-11-30,Q.obs,43.3,B
08NB005,2024-11-30,H.obs,0.764,
08NB005,2024-12-01,H.obs,0.817,
08NB005,2024-12-01,Q.obs,43.2,B
08NB005,2024-12-02,H.obs,0.895,
08NB005,2024-12-02,Q.obs,43.6,B
08NB005,2024-12-03,H.obs,0.937,
08NB005,2024-12-03,Q.obs,44.0,B
08NB005,2024-12-04,H.obs,0.948,
08NB005,2024-12-04,Q.obs,43.8,B
08NB005,2024-12-05,H.obs,0.941,
08NB005,2024-12-05,Q.obs,42.3,B
08NB005,2024-12-06,H.obs,0.878,
08NB005,2024-12-06,Q.obs,40.8,B
08NB005,2024-12-07,H.obs,0.74,
08NB005,2024-12-07,Q.obs,39.6,B
08NB005,2024-12-08,H.obs,0.709,
08NB005,2024-12-08,Q.obs,39.1,B
08NB005,2024-12-09,Q.obs,39.4,B
08NB005,2024-12-09,H.obs,0.768,
08NB005,2024-12-10,Q.obs,39.7,B
08NB005,2024-12-10,H.obs,0.839,
08NB005,2024-12-11,H.obs,0.883,
08NB005,2024-12-11,Q.obs,40.0,B
08NB005,2024-12-12,H.obs,0.875,
08NB005,2024-12-12,Q.obs,40.3,B
08NB005,2024-12-13,Q.obs,40.5,B
08NB005,2024-12-13,H.obs,0.851,
08NB005,2024-12-14,Q.obs,40.8,B
08NB005,2024-12-14,H.obs,0.845,
08NB005,2024-12-15,Q.obs,40.5,B
08NB005,2024-12-15,H.obs,0.839,
08NB005,2024-12-16,Q.obs,39.4,B
08NB005,2024-12-16,H.obs,0.815,
08NB005,2024-12-17,Q.obs,38.5,B
08NB005,2024-12-17,H.obs,0.768,
08NB005,2024-12-18,Q.obs,38.1,B
08NB005,2024-12-18,H.obs,0.69,
08NB005,2024-12-19,Q.obs,38.7,B
08NB005,2024-12-19,H.obs,0.678,
08NB005,2024-12-20,H.obs,0.724,
08NB005,2024-12-20,Q.obs,39.6,B
08NB005,2024-12-21,H.obs,0.783,
08NB005,2024-12-21,Q.obs,40.4,B
08NB005,2024-12-22,H.obs,0.835,
08NB005,2024-12-22,Q.obs,41.4,B
08NB005,2024-12-23,H.obs,0.854,
08NB005,2024-12-23,Q.obs,42.1,B
08NB005,2024-12-24,H.obs,0.857,
08NB005,2024-12-24,Q.obs,42.6,B
08NB005,2024-12-25,Q.obs,42.9,B
08NB005,2024-12-25,H.obs,0.835,
08NB005,2024-12-26,H.obs,0.81,
08NB005,2024-12-26,Q.obs,42.4,B
08NB005,2024-12-27,Q.obs,41.8,B
08NB005,2024-12-27,H.obs,0.792,
08NB005,2024-12-28,H.obs,0.781,
08NB005,2024-12-28,Q.obs,41.2,B
08NB005,2024-12-29,Q.obs,40.7,B
08NB005,2024-12-29,H.obs,0.763,
08NB005,2024-12-30,H.obs,0.739,
08NB005,2024-12-30,Q.obs,39.6,B
08NB005,2024-12-31,H.obs,0.722,
08NB005,2024-12-31,Q.obs,38.4,B
08NB005,2025-01-01,H.obs,0.72,
08NB005,2025-01-01,Q.obs,37.0,B
08NB005,2025-01-02,Q.obs,35.8,B
08NB005,2025-01-02,H.obs,0.675,
08NB005,2025-01-03,Q.obs,34.9,B
08NB005,2025-01-03,H.obs,0.624,
08NB005,2025-01-04,H.obs,0.629,
08NB005,2025-01-04,Q.obs,34.7,B
08NB005,2025-01-05,Q.obs,35.1,B
08NB005,2025-01-05,H.obs,0.633,
08NB005,2025-01-06,Q.obs,35.5,B
08NB005,2025-01-06,H.obs,0.724,
08NB005,2025-01-07,H.obs,0.807,
08NB005,2025-01-07,Q.obs,35.2,B
08NB005,2025-01-08,Q.obs,34.0,B
08NB005,2025-01-08,H.obs,0.726,
08NB005,2025-01-09,H.obs,0.627,
08NB005,2025-01-09,Q.obs,32.9,B
08NB005,2025-01-10,Q.obs,32.0,B
08NB005,2025-01-10,H.obs,0.613,
08NB005,2025-01-11,H.obs,0.621,
08NB005,2025-01-11,Q.obs,32.2,B
08NB005,2025-01-12,Q.obs,32.6,B
08NB005,2025-01-12,H.obs,0.646,
08NB005,2025-01-13,H.obs,0.65,
08NB005,2025-01-13,Q.obs,32.9,B
08NB005,2025-01-14,Q.obs,33.2,B
08NB005,2025-01-14,H.obs,0.642,
08NB005,2025-01-15,H.obs,0.628,
08NB005,2025-01-15,Q.obs,33.2,B
08NB005,2025-01-16,Q.obs,32.4,B
08NB005,2025-01-16,H.obs,0.651,
08NB005,2025-01-17,Q.obs,31.5,B
08NB005,2025-01-17,H.obs,0.681,
08NB005,2025-01-18,Q.obs,30.6,B
08NB005,2025-01-18,H.obs,0.713,
08NB005,2025-01-19,Q.obs,29.6,B
08NB005,2025-01-19,H.obs,0.789,
08NB005,2025-01-20,Q.obs,28.1,B
08NB005,2025-01-20,H.obs,0.796,
08NB005,2025-01-21,Q.obs,26.2,B
08NB005,2025-01-21,H.obs,0.706,
08NB005,2025-01-22,Q.obs,25.9,B
08NB005,2025-01-22,H.obs,0.666,
08NB005,2025-01-23,H.obs,0.781,
08NB005,2025-01-23,Q.obs,28.4,B
08NB005,2025-01-24,Q.obs,30.7,B
08NB005,2025-01-24,H.obs,0.871,
08NB005,2025-01-25,Q.obs,31.4,B
08NB005,2025-01-25,H.obs,0.936,
08NB005,2025-01-26,Q.obs,31.5,B
08NB005,2025-01-26,H.obs,0.905,
08NB005,2025-01-27,Q.obs,31.5,B
08NB005,2025-01-27,H.obs,0.905,
08NB005,2025-01-28,Q.obs,31.6,B
08NB005,2025-01-28,H.obs,0.911,
08NB005,2025-01-29,Q.obs,31.6,B
08NB005,2025-01-29,H.obs,0.903,
08NB005,2025-01-30,H.obs,0.901,
08NB005,2025-01-30,Q.obs,31.7,B
08NB005,2025-01-31,Q.obs,31.7,B
08NB005,2025-01-31,H.obs,0.937,
08NB005,2025-02-01,H.obs,0.936,
08NB005,2025-02-01,Q.obs,31.7,B
08NB005,2025-02-02,Q.obs,31.6,B
08NB005,2025-02-02,H.obs,0.92,
08NB005,2025-02-03,Q.obs,31.5,B
08NB005,2025-02-03,H.obs,0.864,
08NB005,2025-02-04,H.obs,0.846,
08NB005,2025-02-04,Q.obs,31.2,B
08NB005,2025-02-05,Q.obs,30.7,B
08NB005,2025-02-05,H.obs,0.842,
08NB005,2025-02-06,Q.obs,30.3,B
08NB005,2025-02-06,H.obs,0.903,
08NB005,2025-02-07,H.obs,0.934,
08NB005,2025-02-07,Q.obs,30.0,B
08NB005,2025-02-08,Q.obs,29.8,B
08NB005,2025-02-08,H.obs,0.94,
08NB005,2025-02-09,Q.obs,29.7,B
08NB005,2025-02-09,H.obs,0.94,
08NB005,2025-02-10,Q.obs,29.6,B
08NB005,2025-02-10,H.obs,0.946,
08NB005,2025-02-11,H.obs,0.942,
08NB005,2025-02-11,Q.obs,29.6,B
08NB005,2025-02-12,H.obs,0.938,
08NB005,2025-02-12,Q.obs,29.5,B
08NB005,2025-02-13,Q.obs,29.5,B
08NB005,2025-02-13,H.obs,0.931,
08NB005,2025-02-14,H.obs,0.908,
08NB005,2025-02-14,Q.obs,29.6,B
08NB005,2025-02-15,H.obs,0.905,
08NB005,2025-02-15,Q.obs,29.6,B
08NB005,2025-02-16,H.obs,0.901,
08NB005,2025-02-16,Q.obs,29.7,B
08NB005,2025-02-17,H.obs,0.897,
08NB005,2025-02-17,Q.obs,29.8,B
08NB005,2025-02-18,Q.obs,29.8,B
08NB005,2025-02-18,H.obs,0.893,
08NB005,2025-02-19,H.obs,0.889,
08NB005,2025-02-19,Q.obs,29.9,B
08NB005,2025-02-20,Q.obs,30.0,B
08NB005,2025-02-20,H.obs,0.881,
08NB005,2025-02-21,Q.obs,30.1,B
08NB005,2025-02-21,H.obs,0.876,
08NB005,2025-02-22,Q.obs,30.4,B
08NB005,2025-02-22,H.obs,0.876,
08NB005,2025-02-23,Q.obs,30.6,B
08NB005,2025-02-23,H.obs,0.9,
08NB005,2025-02-24,Q.obs,30.9,B
08NB005,2025-02-24,H.obs,0.925,
08NB005,2025-02-25,H.obs,0.947,
08NB005,2025-02-25,Q.obs,31.2,B
08NB005,2025-02-26,Q.obs,31.5,B
08NB005,2025-02-26,H.obs,0.971,
08NB005,2025-02-27,Q.obs,31.8,B
08NB005,2025-02-27,H.obs,0.973,
08NB005,2025-02-28,Q.obs,32.0,B
08NB005,2025-02-28,H.obs,0.971,
08NB005,2025-03-01,Q.obs,32.3,B
08NB005,2025-03-01,H.obs,0.971,
08NB005,2025-03-02,Q.obs,32.5,B
08NB005,2025-03-02,H.obs,0.969,
08NB005,2025-03-03,H.obs,0.98,
08NB005,2025-03-03,Q.obs,32.7,B
08NB005,2025-03-04,H.obs,0.994,
08NB005,2025-03-04,Q.obs,32.9,B
08NB005,2025-03-05,Q.obs,33.1,B
08NB005,2025-03-05,H.obs,0.976,
08NB005,2025-03-06,H.obs,0.943,
08NB005,2025-03-06,Q.obs,33.2,B
08NB005,2025-03-07,Q.obs,33.4,B
08NB005,2025-03-07,H.obs,0.914,
08NB005,2025-03-08,Q.obs,33.6,B
08NB005,2025-03-08,H.obs,0.866,
08NB005,2025-03-09,H.obs,0.786,
08NB005,2025-03-09,Q.obs,34.0,B
08NB005,2025-03-10,Q.obs,34.5,B
08NB005,2025-03-10,H.obs,0.749,
08NB005,2025-03-11,H.obs,0.736,
08NB005,2025-03-11,Q.obs,34.4,B
08NB005,2025-03-12,H.obs,0.723,
08NB005,2025-03-12,Q.obs,34.5,B
08NB005,2025-03-13,Q.obs,34.6,B
08NB005,2025-03-13,H.obs,0.729,
08NB005,2025-03-14,H.obs,0.727,
08NB005,2025-03-14,Q.obs,34.4,B
08NB005,2025-03-15,Q.obs,34.3,B
08NB005,2025-03-15,H.obs,0.697,
08NB005,2025-03-16,H.obs,0.683,
08NB005,2025-03-16,Q.obs,34.4,B
08NB005,2025-03-17,Q.obs,34.2,B
08NB005,2025-03-17,H.obs,0.659,
08NB005,2025-03-18,H.obs,0.639,
08NB005,2025-03-18,Q.obs,34.0,B
08NB005,2025-03-19,H.obs,0.6,
08NB005,2025-03-19,Q.obs,33.8,B
08NB005,2025-03-20,H.obs,0.569,
08NB005,2025-03-20,Q.obs,34.2,B
08NB005,2025-03-21,H.obs,0.558,
08NB005,2025-03-21,Q.obs,35.0,B
08NB005,2025-03-22,H.obs,0.557,
08NB005,2025-03-22,Q.obs,35.3,
08NB005,2025-03-23,Q.obs,35.1,
08NB005,2025-03-23,H.obs,0.554,
08NB005,2025-03-24,H.obs,0.551,
08NB005,2025-03-24,Q.obs,35.0,
08NB005,2025-03-25,H.obs,0.564,
08NB005,2025-03-25,Q.obs,35.7,
08NB005,2025-03-26,Q.obs,38.5,
08NB005,2025-03-26,H.obs,0.615,
08NB005,2025-03-27,H.obs,0.691,
08NB005,2025-03-27,Q.obs,43.0,
08NB005,2025-03-28,H.obs,0.747,
08NB005,2025-03-28,Q.obs,46.5,
08NB005,2025-03-29,H.obs,0.755,
08NB005,2025-03-29,Q.obs,47.0,
08NB005,2025-03-30,H.obs,0.768,
08NB005,2025-03-30,Q.obs,47.8,
08NB005,2025-03-31,H.obs,0.776,
08NB005,2025-03-31,Q.obs,48.3,
08NB005,2025-04-01,H.obs,0.754,
08NB005,2025-04-01,Q.obs,47.0,
08NB005,2025-04-02,H.obs,0.74,
08NB005,2025-04-02,Q.obs,46.0,
08NB005,2025-04-03,Q.obs,44.7,
08NB005,2025-04-03,H.obs,0.719,
08NB005,2025-04-04,H.obs,0.692,
08NB005,2025-04-04,Q.obs,43.0,
08NB005,2025-04-05,Q.obs,41.7,
08NB005,2025-04-05,H.obs,0.67,
08NB005,2025-04-06,H.obs,0.672,
08NB005,2025-04-06,Q.obs,41.8,
08NB005,2025-04-07,H.obs,0.707,
08NB005,2025-04-07,Q.obs,44.0,
08NB005,2025-04-08,H.obs,0.758,
08NB005,2025-04-08,Q.obs,47.2,
08NB005,2025-04-09,Q.obs,50.8,
08NB005,2025-04-09,H.obs,0.813,
08NB005,2025-04-10,Q.obs,52.4,
08NB005,2025-04-10,H.obs,0.837,
08NB005,2025-04-11,Q.obs,53.6,
08NB005,2025-04-11,H.obs,0.854,
08NB005,2025-04-12,H.obs,0.877,
08NB005,2025-04-12,Q.obs,55.2,
08NB005,2025-04-13,H.obs,0.882,
08NB005,2025-04-13,Q.obs,55.5,
08NB005,2025-04-14,Q.obs,55.2,
08NB005,2025-04-14,H.obs,0.877,
08NB005,2025-04-15,H.obs,0.876,
08NB005,2025-04-15,Q.obs,55.1,
08NB005,2025-04-16,Q.obs,55.2,
08NB005,2025-04-16,H.obs,0.878,
08NB005,2025-04-17,Q.obs,55.5,
08NB005,2025-04-17,H.obs,0.881,
08NB005,2025-04-18,H.obs,0.884,
08NB005,2025-04-18,Q.obs,55.7,
08NB005,2025-04-19,H.obs,0.896,
08NB005,2025-04-19,Q.obs,56.6,
08NB005,2025-04-20,H.obs,0.918,
08NB005,2025-04-20,Q.obs,58.1,
08NB005,2025-04-21,Q.obs,59.7,
08NB005,2025-04-21,H.obs,0.939,
08NB005,2025-04-22,H.obs,0.942,
08NB005,2025-04-22,Q.obs,59.9,
08NB005,2025-04-23,Q.obs,58.9,
08NB005,2025-04-23,H.obs,0.929,
08NB005,2025-04-24,Q.obs,57.7,
08NB005,2025-04-24,H.obs,0.912,
08NB005,2025-04-25,Q.obs,58.2,
08NB005,2025-04-25,H.obs,0.92,
08NB005,2025-04-26,Q.obs,62.1,
08NB005,2025-04-26,H.obs,0.971,
08NB005,2025-04-27,Q.obs,70.1,
08NB005,2025-04-27,H.obs,1.074,
08NB005,2025-04-28,Q.obs,81.1,
08NB005,2025-04-28,H.obs,1.204,
08NB005,2025-04-29,H.obs,1.298,
08NB005,2025-04-29,Q.obs,89.6,
08NB005,2025-04-30,Q.obs,95.6,
08NB005,2025-04-30,H.obs,1.36,
08NB005,2025-05-01,Q.obs,99.5,
08NB005,2025-05-01,H.obs,1.4,
08NB005,2025-05-02,H.obs,1.466,
08NB005,2025-05-02,Q.obs,106.0,
08NB005,2025-05-03,H.obs,1.613,
08NB005,2025-05-03,Q.obs,122.0,
08NB005,2025-05-04,H.obs,1.809,
08NB005,2025-05-04,Q.obs,145.0,
08NB005,2025-05-05,H.obs,1.919,
08NB005,2025-05-05,Q.obs,159.0,
08NB005,2025-05-06,H.obs,1.925,
08NB005,2025-05-06,Q.obs,160.0,
08NB005,2025-05-07,Q.obs,160.0,
08NB005,2025-05-07,H.obs,1.928,
08NB005,2025-05-08,Q.obs,169.0,
08NB005,2025-05-08,H.obs,1.991,
08NB005,2025-05-09,Q.obs,179.0,
08NB005,2025-05-09,H.obs,2.067,
08NB005,2025-05-10,Q.obs,184.0,
08NB005,2025-05-10,H.obs,2.099,
08NB005,2025-05-11,Q.obs,186.0,
08NB005,2025-05-11,H.obs,2.114,
08NB005,2025-05-12,Q.obs,198.0,
08NB005,2025-05-12,H.obs,2.197,
08NB005,2025-05-13,Q.obs,210.0,
08NB005,2025-05-13,H.obs,2.278,
08NB005,2025-05-14,Q.obs,212.0,
08NB005,2025-05-14,H.obs,2.286,
08NB005,2025-05-15,Q.obs,214.0,
08NB005,2025-05-15,H.obs,2.302,
08NB005,2025-05-16,Q.obs,213.0,
08NB005,2025-05-16,H.obs,2.297,
08NB005,2025-05-17,Q.obs,213.0,
08NB005,2025-05-17,H.obs,2.298,
08NB005,2025-05-18,H.obs,2.316,
08NB005,2025-05-18,Q.obs,216.0,
08NB005,2025-05-19,H.obs,2.338,
08NB005,2025-05-19,Q.obs,220.0,
08NB005,2025-05-20,H.obs,2.311,
08NB005,2025-05-20,Q.obs,216.0,
08NB005,2025-05-21,H.obs,2.255,
08NB005,2025-05-21,Q.obs,207.0,
08NB005,2025-05-22,Q.obs,196.0,
08NB005,2025-05-22,H.obs,2.182,
08NB005,2025-05-23,Q.obs,187.0,
08NB005,2025-05-23,H.obs,2.121,
08NB005,2025-05-24,Q.obs,184.0,
08NB005,2025-05-24,H.obs,2.097,
08NB005,2025-05-25,Q.obs,190.0,
08NB005,2025-05-25,H.obs,2.14,
08NB005,2025-05-26,H.obs,2.418,
08NB005,2025-05-26,Q.obs,233.0,
08NB005,2025-05-27,H.obs,2.745,
08NB005,2025-05-27,Q.obs,290.0,
08NB005,2025-05-28,H.obs,2.922,
08NB005,2025-05-28,Q.obs,324.0,
08NB005,2025-05-29,Q.obs,392.0,
08NB005,2025-05-29,H.obs,3.244,
08NB005,2025-05-30,Q.obs,467.0,
08NB005,2025-05-30,H.obs,3.566,
08NB005,2025-05-31,H.obs,3.586,
08NB005,2025-05-31,Q.obs,472.0,
08NB005,2025-06-01,Q.obs,510.0,
08NB005,2025-06-01,H.obs,3.735,
08NB005,2025-06-02,H.obs,3.611,
08NB005,2025-06-02,Q.obs,478.0,
08NB005,2025-06-03,Q.obs,432.0,
08NB005,2025-06-03,H.obs,3.419,
08NB005,2025-06-04,Q.obs,405.0,
08NB005,2025-06-04,H.obs,3.303,
08NB005,2025-06-05,H.obs,3.251,
08NB005,2025-06-05,Q.obs,393.0,
08NB005,2025-06-06,H.obs,3.294,
08NB005,2025-06-06,Q.obs,403.0,
08NB005,2025-06-07,H.obs,3.357,
08NB005,2025-06-07,Q.obs,417.0,
08NB005,2025-06-08,H.obs,3.402,
08NB005,2025-06-08,Q.obs,428.0,
08NB005,2025-06-09,H.obs,3.474,
08NB005,2025-06-09,Q.obs,445.0,
08NB005,2025-06-10,Q.obs,480.0,
08NB005,2025-06-10,H.obs,3.616,
08NB005,2025-06-11,H.obs,3.59,
08NB005,2025-06-11,Q.obs,473.0,
08NB005,2025-06-12,H.obs,3.65,
08NB005,2025-06-12,Q.obs,488.0,
08NB005,2025-06-13,H.obs,3.814,
08NB005,2025-06-13,Q.obs,531.0,
08NB005,2025-06-14,Q.obs,512.0,
08NB005,2025-06-14,H.obs,3.745,
08NB005,2025-06-15,Q.obs,490.0,
08NB005,2025-06-15,H.obs,3.658,
08NB005,2025-06-16,H.obs,3.618,
08NB005,2025-06-16,Q.obs,480.0,
08NB005,2025-06-17,H.obs,3.571,
08NB005,2025-06-17,Q.obs,468.0,
08NB005,2025-06-18,Q.obs,456.0,
08NB005,2025-06-18,H.obs,3.521,
08NB005,2025-06-19,H.obs,3.499,
08NB005,2025-06-19,Q.obs,451.0,
08NB005,2025-06-20,Q.obs,437.0,
08NB005,2025-06-20,H.obs,3.442,
08NB005,2025-06-21,H.obs,3.467,
08NB005,2025-06-21,Q.obs,443.0,
08NB005,2025-06-22,H.obs,3.371,
08NB005,2025-06-22,Q.obs,421.0,
08NB005,2025-06-23,Q.obs,393.0,
08NB005,2025-06-23,H.obs,3.249,
08NB005,2025-06-24,H.obs,3.178,
08NB005,2025-06-24,Q.obs,377.0,
08NB005,2025-06-25,H.obs,3.181,
08NB005,2025-06-25,Q.obs,378.0,
08NB005,2025-06-26,H.obs,3.208,
08NB005,2025-06-26,Q.obs,384.0,
08NB005,2025-06-27,Q.obs,384.0,
08NB005,2025-06-27,H.obs,3.21,
08NB005,2025-06-28,Q.obs,391.0,
08NB005,2025-06-28,H.obs,3.242,
08NB005,2025-06-29,H.obs,3.208,
08NB005,2025-06-29,Q.obs,384.0,
08NB005,2025-06-30,Q.obs,377.0,
08NB005,2025-06-30,H.obs,3.178,
08NB005,2025-07-01,Q.obs,382.0,
08NB005,2025-07-01,H.obs,3.202,
08NB005,2025-07-02,H.obs,3.248,
08NB005,2025-07-02,Q.obs,393.0,
08NB005,2025-07-03,Q.obs,397.0,
08NB005,2025-07-03,H.obs,3.266,
08NB005,2025-07-04,H.obs,3.151,
08NB005,2025-07-04,Q.obs,371.0,
08NB005,2025-07-05,Q.obs,357.0,
08NB005,2025-07-05,H.obs,3.082,
08NB005,2025-07-06,H.obs,3.068,
08NB005,2025-07-06,Q.obs,354.0,
08NB005,2025-07-07,Q.obs,349.0,
08NB005,2025-07-07,H.obs,3.044,
08NB005,2025-07-08,H.obs,3.022,
08NB005,2025-07-08,Q.obs,344.0,
08NB005,2025-07-09,Q.obs,364.0,
08NB005,2025-07-09,H.obs,3.118,
08NB005,2025-07-10,H.obs,3.193,
08NB005,2025-07-10,Q.obs,380.0,
08NB005,2025-07-11,Q.obs,370.0,
08NB005,2025-07-11,H.obs,3.143,
08NB005,2025-07-12,Q.obs,350.0,
08NB005,2025-07-12,H.obs,3.05,
08NB005,2025-07-13,Q.obs,354.0,
08NB005,2025-07-13,H.obs,3.072,
08NB005,2025-07-14,Q.obs,381.0,
08NB005,2025-07-14,H.obs,3.195,
08NB005,2025-07-15,Q.obs,372.0,
08NB005,2025-07-15,H.obs,3.155,
08NB005,2025-07-16,Q.obs,345.0,
08NB005,2025-07-16,H.obs,3.027,
08NB005,2025-07-17,Q.obs,345.0,
08NB005,2025-07-17,H.obs,3.028,
08NB005,2025-07-18,H.obs,3.042,
08NB005,2025-07-18,Q.obs,348.0,
08NB005,2025-07-19,Q.obs,347.0,
08NB005,2025-07-19,H.obs,3.034,
08NB005,2025-07-20,Q.obs,336.0,
08NB005,2025-07-20,H.obs,2.983,
08NB005,2025-07-21,Q.obs,324.0,
08NB005,2025-07-21,H.obs,2.922,
08NB005,2025-07-22,Q.obs,349.0,
08NB005,2025-07-22,H.obs,3.045,
08NB005,2025-07-23,Q.obs,346.0,
08NB005,2025-07-23,H.obs,3.031,
08NB005,2025-07-24,Q.obs,329.0,
08NB005,2025-07-24,H.obs,2.95,
08NB005,2025-07-25,H.obs,2.994,
08NB005,2025-07-25,Q.obs,338.0,
08NB005,2025-07-26,Q.obs,344.0,
08NB005,2025-07-26,H.obs,3.021,
08NB005,2025-07-27,H.obs,2.928,
08NB005,2025-07-27,Q.obs,325.0,
08NB005,2025-07-28,Q.obs,317.0,
08NB005,2025-07-28,H.obs,2.886,
08NB005,2025-07-29,Q.obs,312.0,
08NB005,2025-07-29,H.obs,2.859,
08NB005,2025-07-30,H.obs,2.825,
08NB005,2025-07-30,Q.obs,305.0,
08NB005,2025-07-31,Q.obs,306.0,
08NB005,2025-07-31,H.obs,2.831,
08NB005,2025-08-01,Q.obs,306.0,
08NB005,2025-08-01,H.obs,2.833,
08NB005,2025-08-02,H.obs,2.882,
08NB005,2025-08-02,Q.obs,316.0,
08NB005,2025-08-03,Q.obs,307.0,
08NB005,2025-08-03,H.obs,2.836,
08NB005,2025-08-04,Q.obs,303.0,
08NB005,2025-08-04,H.obs,2.813,
08NB005,2025-08-05,Q.obs,294.0,
08NB005,2025-08-05,H.obs,2.765,
08NB005,2025-08-06,H.obs,2.729,
08NB005,2025-08-06,Q.obs,287.0,
08NB005,2025-08-07,H.obs,2.707,
08NB005,2025-08-07,Q.obs,283.0,
08NB005,2025-08-08,Q.obs,278.0,
08NB005,2025-08-08,H.obs,2.68,
08NB005,2025-08-09,H.obs,2.626,
08NB005,2025-08-09,Q.obs,268.0,
08NB005,2025-08-10,H.obs,2.573,
08NB005,2025-08-10,Q.obs,259.0,
08NB005,2025-08-11,H.obs,2.581,
08NB005,2025-08-11,Q.obs,260.0,
08NB005,2025-08-12,Q.obs,259.0,
08NB005,2025-08-12,H.obs,2.577,
08NB005,2025-08-13,Q.obs,260.0,
08NB005,2025-08-13,H.obs,2.581,
08NB005,2025-08-14,Q.obs,258.0,
08NB005,2025-08-14,H.obs,2.566,
08NB005,2025-08-15,Q.obs,243.0,
08NB005,2025-08-15,H.obs,2.482,
08NB005,2025-08-16,H.obs,2.521,
08NB005,2025-08-16,Q.obs,250.0,
08NB005,2025-08-17,Q.obs,265.0,
08NB005,2025-08-17,H.obs,2.609,
08NB005,2025-08-18,Q.obs,259.0,
08NB005,2025-08-18,H.obs,2.574,
08NB005,2025-08-19,H.obs,2.55,
08NB005,2025-08-19,Q.obs,255.0,
08NB005,2025-08-20,Q.obs,250.0,
08NB005,2025-08-20,H.obs,2.522,
08NB005,2025-08-21,H.obs,2.45,
08NB005,2025-08-21,Q.obs,238.0,
08NB005,2025-08-22,H.obs,2.36,
08NB005,2025-08-22,Q.obs,223.0,
08NB005,2025-08-23,Q.obs,212.0,
08NB005,2025-08-23,H.obs,2.288,
08NB005,2025-08-24,H.obs,2.231,
08NB005,2025-08-24,Q.obs,203.0,
08NB005,2025-08-25,H.obs,2.215,
08NB005,2025-08-25,Q.obs,201.0,
08NB005,2025-08-26,Q.obs,201.0,
08NB005,2025-08-26,H.obs,2.218,
08NB005,2025-08-27,H.obs,2.228,
08NB005,2025-08-27,Q.obs,203.0,
08NB005,2025-08-28,H.obs,2.25,
08NB005,2025-08-28,Q.obs,206.0,
08NB005,2025-08-29,Q.obs,206.0,
08NB005,2025-08-29,H.obs,2.252,
08NB005,2025-08-30,H.obs,2.245,
08NB005,2025-08-30,Q.obs,205.0,
08NB005,2025-08-31,H.obs,2.239,
08NB005,2025-08-31,Q.obs,204.0,
08NB005,2025-09-01,Q.obs,200.0,
08NB005,2025-09-01,H.obs,2.212,
08NB005,2025-09-02,Q.obs,200.0,
08NB005,2025-09-02,H.obs,2.207,
08NB005,2025-09-03,Q.obs,199.0,
08NB005,2025-09-03,H.obs,2.206,
08NB005,2025-09-04,H.obs,2.196,
08NB005,2025-09-04,Q.obs,198.0,
08NB005,2025-09-05,H.obs,2.196,
08NB005,2025-09-05,Q.obs,198.0,
08NB005,2025-09-06,H.obs,2.167,
08NB005,2025-09-06,Q.obs,194.0,
08NB005,2025-09-07,Q.obs,191.0,
08NB005,2025-09-07,H.obs,2.148,
08NB005,2025-09-08,Q.obs,192.0,
08NB005,2025-09-08,H.obs,2.154,
08NB005,2025-09-09,Q.obs,194.0,
08NB005,2025-09-09,H.obs,2.166,
08NB005,2025-09-10,H.obs,2.095,
08NB005,2025-09-10,Q.obs,183.0,
08NB005,2025-09-11,Q.obs,180.0,
08NB005,2025-09-11,H.obs,2.073,
08NB005,2025-09-12,Q.obs,177.0,
08NB005,2025-09-12,H.obs,2.049,
08NB005,2025-09-13,H.obs,2.012,
08NB005,2025-09-13,Q.obs,172.0,
08NB005,2025-09-14,H.obs,1.975,
08NB005,2025-09-14,Q.obs,167.0,
08NB005,2025-09-15,Q.obs,158.0,
08NB005,2025-09-15,H.obs,1.908,
08NB005,2025-09-16,Q.obs,156.0,
08NB005,2025-09-16,H.obs,1.895,
08NB005,2025-09-17,Q.obs,158.0,
08NB005,2025-09-17,H.obs,1.914,
08NB005,2025-09-18,H.obs,1.898,
08NB005,2025-09-18,Q.obs,156.0,
08NB005,2025-09-19,Q.obs,153.0,
08NB005,2025-09-19,H.obs,1.875,
08NB005,2025-09-20,H.obs,1.827,
08NB005,2025-09-20,Q.obs,147.0,
08NB005,2025-09-21,H.obs,1.826,
08NB005,2025-09-21,Q.obs,147.0,
08NB005,2025-09-22,H.obs,1.759,
08NB005,2025-09-22,Q.obs,139.0,
08NB005,2025-09-23,Q.obs,123.0,
08NB005,2025-09-23,H.obs,1.625,
08NB005,2025-09-24,Q.obs,117.0,
08NB005,2025-09-24,H.obs,1.569,
08NB005,2025-09-25,H.obs,1.537,
08NB005,2025-09-25,Q.obs,114.0,
08NB005,2025-09-26,Q.obs,117.0,
08NB005,2025-09-26,H.obs,1.565,
08NB005,2025-09-27,Q.obs,107.0,
08NB005,2025-09-27,H.obs,1.476,
08NB005,2025-09-28,H.obs,1.409,
08NB005,2025-09-28,Q.obs,100.0,
08NB005,2025-09-29,Q.obs,104.0,
08NB005,2025-09-29,H.obs,1.444,
08NB005,2025-09-30,H.obs,1.512,
08NB005,2025-09-30,Q.obs,111.0,
08NB005,2025-10-01,Q.obs,117.0,
08NB005,2025-10-01,H.obs,1.567,
08NB005,2025-10-02,H.obs,1.461,
08NB005,2025-10-02,Q.obs,106.0,
08NB005,2025-10-03,Q.obs,92.4,
08NB005,2025-10-03,H.obs,1.327,
08NB005,2025-10-04,H.obs,1.18,
08NB005,2025-10-04,Q.obs,79.0,
08NB005,2025-10-05,Q.obs,71.3,
08NB005,2025-10-05,H.obs,1.089,
08NB005,2025-10-06,H.obs,1.029,
08NB005,2025-10-06,Q.obs,66.5,
08NB005,2025-10-07,Q.obs,63.1,
08NB005,2025-10-07,H.obs,0.986,
08NB005,2025-10-08,Q.obs,61.2,
08NB005,2025-10-08,H.obs,0.96,
08NB005,2025-10-09,Q.obs,60.4,
08NB005,2025-10-09,H.obs,0.949,
08NB005,2025-10-10,Q.obs,60.5,
08NB005,2025-10-10,H.obs,0.95,
08NB005,2025-10-11,Q.obs,60.7,
08NB005,2025-10-11,H.obs,0.954,
08NB005,2025-10-12,Q.obs,61.3,
08NB005,2025-10-12,H.obs,0.962,
08NB005,2025-10-13,Q.obs,60.1,
08NB005,2025-10-13,H.obs,0.945,
08NB005,2025-10-14,H.obs,0.896,
08NB005,2025-10-14,Q.obs,56.6,
08NB005,2025-10-15,Q.obs,53.0,
08NB005,2025-10-15,H.obs,0.845,
08NB005,2025-10-16,Q.obs,50.9,
08NB005,2025-10-16,H.obs,0.814,
08NB005,2025-10-17,Q.obs,50.4,
08NB005,2025-10-17,H.obs,0.808,
08NB005,2025-10-18,Q.obs,50.6,
08NB005,2025-10-18,H.obs,0.81,
08NB005,2025-10-19,Q.obs,50.7,
08NB005,2025-10-19,H.obs,0.812,
08NB005,2025-10-20,Q.obs,50.2,
08NB005,2025-10-20,H.obs,0.804,
08NB005,2025-10-21,Q.obs,49.8,
08NB005,2025-10-21,H.obs,0.798,
08NB005,2025-10-22,Q.obs,49.2,
08NB005,2025-10-22,H.obs,0.789,
08NB005,2025-10-23,H.obs,0.777,
08NB005,2025-10-23,Q.obs,48.4,
08NB005,2025-10-24,H.obs,0.766,
08NB005,2025-10-24,Q.obs,47.7,
08NB005,2025-10-25,Q.obs,47.2,
08NB005,2025-10-25,H.obs,0.759,
08NB005,2025-10-26,Q.obs,48.1,
08NB005,2025-10-26,H.obs,0.772,
08NB005,2025-10-27,Q.obs,48.4,
08NB005,2025-10-27,H.obs,0.778,
08NB005,2025-10-28,H.obs,0.761,
08NB005,2025-10-28,Q.obs,47.4,
08NB005,2025-10-29,Q.obs,46.1,
08NB005,2025-10-29,H.obs,0.741,
08NB005,2025-10-30,H.obs,0.722,
08NB005,2025-10-30,Q.obs,44.9,
08NB005,2025-10-31,H.obs,0.722,
08NB005,2025-10-31,Q.obs,44.9,
08NB005,2025-11-01,H.obs,0.736,
08NB005,2025-11-01,Q.obs,45.8,
08NB005,2025-11-02,H.obs,0.782,
08NB005,2025-11-02,Q.obs,48.7,
08NB005,2025-11-03,Q.obs,49.7,
08NB005,2025-11-03,H.obs,0.797,
08NB005,2025-11-04,Q.obs,49.7,
08NB005,2025-11-04,H.obs,0.796,
08NB005,2025-11-05,Q.obs,46.4,
08NB005,2025-11-05,H.obs,0.746,
08NB005,2025-11-06,Q.obs,43.6,
08NB005,2025-11-06,H.obs,0.7,
08NB005,2025-11-07,H.obs,0.716,
08NB005,2025-11-07,Q.obs,44.5,
08NB005,2025-11-08,Q.obs,47.5,
08NB005,2025-11-08,H.obs,0.762,
08NB005,2025-11-09,Q.obs,47.1,
08NB005,2025-11-09,H.obs,0.756,
08NB005,2025-11-10,Q.obs,45.6,
08NB005,2025-11-10,H.obs,0.734,
08NB005,2025-11-11,H.obs,0.715,
08NB005,2025-11-11,Q.obs,44.5,
08NB005,2025-11-12,H.obs,0.707,
08NB005,2025-11-12,Q.obs,44.0,
08NB005,2025-11-13,H.obs,0.735,
08NB005,2025-11-13,Q.obs,45.7,
08NB005,2025-11-14,Q.obs,55.4,
08NB005,2025-11-14,H.obs,0.878,
08NB005,2025-11-15,H.obs,0.955,
08NB005,2025-11-15,Q.obs,60.9,
08NB005,2025-11-16,Q.obs,63.8,
08NB005,2025-11-16,H.obs,0.994,
08NB005,2025-11-17,H.obs,0.928,
08NB005,2025-11-17,Q.obs,58.9,
08NB005,2025-11-18,Q.obs,54.9,
08NB005,2025-11-18,H.obs,0.873,
08NB005,2025-11-19,H.obs,0.893,
08NB005,2025-11-19,Q.obs,56.3,
08NB005,2025-11-20,Q.obs,54.6,
08NB005,2025-11-20,H.obs,0.868,
08NB005,2025-11-21,Q.obs,52.3,
08NB005,2025-11-21,H.obs,0.836,
08NB005,2025-11-22,Q.obs,50.3,
08NB005,2025-11-22,H.obs,0.805,
08NB005,2025-11-23,Q.obs,50.3,
08NB005,2025-11-23,H.obs,0.806,
08NB005,2025-11-24,Q.obs,51.1,
08NB005,2025-11-24,H.obs,0.817,
08NB005,2025-11-25,Q.obs,48.9,
08NB005,2025-11-25,H.obs,0.785,
08NB005,2025-11-26,Q.obs,45.8,
08NB005,2025-11-26,H.obs,0.737,
08NB005,2025-11-27,H.obs,0.688,
08NB005,2025-11-27,Q.obs,42.8,
08NB005,2025-11-28,H.obs,0.659,
08NB005,2025-11-28,Q.obs,41.1,
08NB005,2025-11-29,H.obs,0.573,
08NB005,2025-11-29,Q.obs,36.3,
08NB005,2025-11-30,H.obs,0.439,
08NB005,2025-11-30,Q.obs,27.4,B
08NB005,2025-12-01,H.obs,0.484,
08NB005,2025-12-01,Q.obs,24.3,B
08NB005,2025-12-02,H.obs,0.372,
08NB005,2025-12-02,Q.obs,21.0,B
08NB005,2025-12-03,H.obs,0.437,
08NB005,2025-12-03,Q.obs,26.6,B
08NB005,2025-12-04,H.obs,0.554,
08NB005,2025-12-04,Q.obs,34.0,B
08NB005,2025-12-05,Q.obs,37.5,B
08NB005,2025-12-05,H.obs,0.598,
08NB005,2025-12-06,Q.obs,39.3,
08NB005,2025-12-06,H.obs,0.629,
08NB005,2025-12-07,H.obs,0.654,
08NB005,2025-12-07,Q.obs,40.8,
08NB005,2025-12-08,Q.obs,41.8,
08NB005,2025-12-08,H.obs,0.672,
08NB005,2025-12-09,H.obs,0.725,
08NB005,2025-12-09,Q.obs,45.1,
08NB005,2025-12-10,Q.obs,46.3,
08NB005,2025-12-10,H.obs,0.744,
08NB005,2025-12-11,H.obs,0.702,
08NB005,2025-12-11,Q.obs,43.7,
08NB005,2025-12-12,Q.obs,41.9,
08NB005,2025-12-12,H.obs,0.673,
08NB005,2025-12-13,H.obs,0.717,
08NB005,2025-12-13,Q.obs,44.6,
08NB005,2025-12-14,H.obs,0.734,
08NB005,2025-12-14,Q.obs,45.7,
08NB005,2025-12-15,H.obs,0.79,
08NB005,2025-12-15,Q.obs,49.3,
08NB005,2025-12-16,H.obs,0.947,
08NB005,2025-12-16,Q.obs,60.3,
08NB005,2025-12-17,Q.obs,62.7,
08NB005,2025-12-17,H.obs,0.98,
08NB005,2025-12-18,Q.obs,61.4,
08NB005,2025-12-18,H.obs,0.962,
08NB005,2025-12-19,H.obs,0.93,
08NB005,2025-12-19,Q.obs,59.0,
08NB005,2025-12-20,H.obs,0.821,
08NB005,2025-12-20,Q.obs,51.3,
08NB005,2025-12-21,Q.obs,46.6,
08NB005,2025-12-21,H.obs,0.749,
08NB005,2025-12-22,Q.obs,45.5,
08NB005,2025-12-22,H.obs,0.732,
08NB005,2025-12-23,Q.obs,46.2,
08NB005,2025-12-23,H.obs,0.743,
08NB005,2025-12-24,H.obs,0.73,
08NB005,2025-12-24,Q.obs,45.4,
08NB005,2025-12-25,H.obs,0.621,
08NB005,2025-12-25,Q.obs,38.8,
08NB005,2025-12-26,H.obs,0.692,
08NB005,2025-12-26,Q.obs,43.1,
08NB005,2025-12-27,H.obs,0.685,
08NB005,2025-12-27,Q.obs,42.6,
08NB005,2025-12-28,Q.obs,36.2,B
08NB005,2025-12-28,H.obs,0.789,
08NB005,2025-12-29,Q.obs,33.4,B
08NB005,2025-12-29,H.obs,0.868,
08NB005,2025-12-30,Q.obs,32.7,B
08NB005,2025-12-30,H.obs,0.937,
08NB005,2025-12-31,Q.obs,33.7,B
08NB005,2025-12-31,H.obs,0.895,
